연번,오름명,행정시,소재지,비고,표고,면적,형태,정상_경도,정상_위도,카카오맵_url,난이도,거리_km,상행시간,노면,주차,화장실,등산로 정보,추천시기,참고글,운영시간 및 입장료,입구_경도,입구_위도
1,가마오름,제주시,제주특별자치도 제주시 한경면 청수리 1202,51,140.5,154486,말굽형(북동향),33.30554955,126.2470142,http://place.map.kakao.com/9440927,쉬움,0.77,15분,토사,길가 주차,없음,있음,"봄, 가을",,,,
2,가메오름,제주시,제주특별자치도 제주시 애월읍 봉성리 산124,17,372.2,28371,복합형,126.3357021,33.36732924,http://place.map.kakao.com/10116894,쉬움,0.82,5분,,없음(누운오름쪽 공터 소규모 주차,없음,있음,초봄(억새로 등산로 찾기 힘듦),,,,
3,가메옥,제주시,제주특별자치도 제주시 구좌읍 송당리 1712,28,368,22764,복합형,126.7326612,33.45319891,http://place.map.kakao.com/8109737,,1,10분,,없음,없음,있음,,,,,
4,가메창,제주시,제주특별자치도 제주시 한경면 저지리 1496,6,145.8,17037,원형,126.7326612,33.45319891,http://place.map.kakao.com/8109737,쉬움,2.79,10분,,없음,없음,없음,,,,,
5,가문이오름,서귀포시,제주특별자치도 서귀포시 표선면 가시리 산158-2,106,496.2,116176,말굽형(남서향),126.6882072,33.40213611,http://place.map.kakao.com/8111492,,,10분,,입구앞 소규모 주차가능,없음,있음,,,,,
6,가새기오름,제주시,제주특별자치도 제주시 오라삼동 2845,20,115,17198,원추형,126.5038782,33.48910023,http://place.map.kakao.com/11043050,,,10분,,없음,없음,있음,,,,,
7,가세오름,서귀포시,제주특별자치도 서귀포시 표선면 토산리 산2,101,200.5,373099,말굽형(서향),126.7813191,33.33014143,http://place.map.kakao.com/10118902,쉬움,0.52,20분,,없음,없음,있음,사계절,,,,
8,가시오름,서귀포시,제주특별자치도 서귀포시 대정읍 동일리 1209,77,106.5,263863,말굽형(남서향),126.2431502,33.24704705,http://place.map.kakao.com/11269510,쉬움,0.6,20분,,"골목 진입전 큰길가 주차 추천, 표지판에 주차장 있다고 표시 되어있느나 없음, 입구앞 1대 주차가능",없음,있음,봄 (4~5월) 벚꽃명소,"입산통제 (산불조심 기간내)
표지판있음
등산로는 제한 없음
등산로 아닌 길로 진입금지",,,
9,각시바위,서귀포시,제주특별자치도 서귀포시 호근동 2112,140,395,585988,원추형,126.5261525,33.27677459,http://place.map.kakao.com/8675561,쉬움,0.83,30분,,없음,없음,있음,사계절,,,,
10,감낭오름,서귀포시,제주특별자치도 서귀포시 안덕면 동광리 산41,45,439.8,117413,말굽형(북동향),126.3501802,33.3249196,http://place.map.kakao.com/8674728,쉬움,0.49,10분,,없음(충혼묘지주차장 이용),없음,있음,가을 (10~11월),충혼묘지와 연계방문 추천,,,
11,감은이오름,제주시,제주특별자치도 제주시 구좌읍 송당리 산 297,37,317.2,144548,원형,126.7411777,33.42346025,http://place.map.kakao.com/8676274,쉬움,0,4분,,없음,없음,있음,,,,,
12,갑선이오름,서귀포시,제주특별자치도 서귀포시 표선면 가시리 산 2,83,188.2,252799,말굽형(서남향),126.7816635,33.36085587,http://place.map.kakao.com/25169758,,,23분,,없음,없음,있음,,,,,
13,개오름,서귀포시,제주특별자치도 서귀포시 표선면 성읍리 2974,130,344.7,338028,원추형,126.771856,33.42256836,http://place.map.kakao.com/10620522,쉬움,0.53,30분,,소규모주차가능,없음,있음,사계절,,,,
14,개오리오름,제주시,제주특별자치도 제주시 봉개동 산78-1,117,743,640913,복합형,126.6127004,33.42663921,http://place.map.kakao.com/7937029,,,,,,,,,,,,
15,갯거리오름(대포),서귀포시,제주특별자치도 서귀포시 대포동 산1-8,38,708.4,64003,원추형,126.4577474,33.30998565,http://place.map.kakao.com/25172867,쉬움,5.54,10분,,서귀포 자연 휴양림 주차(유료),휴양림 화장실 이용,있음,, ,"운영시간 : 09:00 ~ 17:00 , 
입장료 : 어른 1,000원 청소년 600원 어린이 300원
주차료 : 경차 1,500원 중형 3,000원 대형 5,000원",,
16,갯거리오름(명월),제주시,제주특별자치도 제주시 한림읍 명월리 15,69,253.5,123623,말굽형(서향),126.2927281,33.37575529,http://place.map.kakao.com/8650849,쉬움,0.5,15분,,입구앞 1~2대 주차가능,없음,있음,초봄(억새많아 길찾기 어려움),"탐방로 정비되어있지 않음
등산로 찾기 어려움
식생이 올라오기전 초봄 탐방이 비교적 수월함",,,
17,거린(족은)오름,서귀포시,제주특별자치도 서귀포시 남원읍 한남리 산2-1,123,493.2,315285,말굽형(남동향),126.6613643,33.34953039,http://place.map.kakao.com/25173313,,,,,없음,없음,없음,,,,,
18,거린(큰)오름,서귀포시,제주특별자치도 서귀포시 남원읍 한남리 산2-1,153,532.7,369143,말굽형(북서향),,,,,,,,,,,,,,,
19,거린사슴,서귀포시,제주특별자치도 서귀포시 대포동 산 2-1,103,742.9,286247,말굽형(서향),,,,,,,,,,,,,,,
20,거린오름,서귀포시,제주특별자치도 서귀포시 안덕면 동광리 산94,68,298.2,247021,원추형,,,,,,,,,,,,,,,
21,거문오름,제주시,제주특별자치도 제주시 조천읍 선흘리 산102-1,112,456.6,809860,복합형,126.718256,33.45483859,http://place.map.kakao.com/18489468,보통,3.06,30분,토사,전용 주차장 (무료),있음,있음,,"세계자연유산 제주 용암동굴군의 모체.
사전예약 필수. 숲이 울창하고 다양한 화산지형 관찰 가능.","예약 사이트 : https://www.jeju.go.kr/wnhcenter/black/reserve.html
예약 정보 : ? 홈페이지 상단의 로그인 후 예약 가능 날짜, 시간대 클릭하여 예약 신청합니다.

※ 예약 취소 시 동일한 날짜에 재예약이 불가합니다.
※ 예약 인원/날짜 변경을 원하시는 경우에는 전화(☎064-710-8980~1) 문의 바랍니다. 
? 전화예약 및 인터넷 예약은 탐방 전 달 1일 오전 9:00 부터 탐방 전 일 17:00 까지 가능합니다.
 ※ (예: 5월 10일 예약을 원하실 경우, 4월 1일 오전 9:00 부터 예약 가능)
? 예약 가능 시간일 경우 [예약] 버튼을 클릭하여 예약을 신청합니다. 
 ※ 예약완료시 카톡 또는 문자발송 됩니다. (제주특별자치도청으로 발송)
? 20명 이상 단체 예약의 경우는 전화(☎064-710-8980~1) 예약 신청만 가능합니다.
? 예약 취소는 [예약확인] 선택 후, 예약일자 클릭하여 [예약취소]를 선택하면 됩니다.
? 매주 화요일(자연휴식의 날)은 거문오름 휴식일로 탐방 불가합니다.

※ 탐방 13:30,14:00는 전체코스(3코스)와 자율탐방 안됩니다. ※ ",,
22,거미오름,제주시,제주특별자치도 제주시 구좌읍 종달리 산70,115,340,466283,복합형,126.8036721,33.44894445,http://place.map.kakao.com/25214418,보통,2.5,30분,,소규모주차가능(입구),없음,있음,,주차장 진입시 골목길 좁음. 차량 통행 주의. 길정비는 잘 안되어있는편 가파름. 뷰 좋음 강추오름 꼭 올라간 길로 내려오기 ,,,
23,거슨세미,제주시,제주특별자치도 제주시 구좌읍 송당리 산145,125,380,661438,말굽형(서향),126.7601311,33.4502293,http://place.map.kakao.com/8174706,쉬움,1.56,40분,흙길,생태체험관 주차,주차장에 있음,있음,,"한적함, 억새, 말굽형 분화구, 목장길, 가을 명소",,,
24,거친오름,제주시,제주특별자치도 제주시 구좌읍 송당리 산84-2,70,354.6,197468,복합형,126.7405421,33.45964411,http://place.map.kakao.com/25173826,,,20분,,없음,없음,있음,,거칠고 험한 오름. 해발 354m,,,
25,거친오름,제주시,제주특별자치도 제주시 봉개동 산66,154,618.5,493952,말굽형(북향),126.6194858,33.44450029,http://place.map.kakao.com/10129920,보통,2.88,30분,,노루생태공원 주차,생태공원 매표소 옆,있음,"봄, 가을","노루먹이주기 체험가능 (별도), 놀이터 있음","동절기 (11월 ~ 2월) 09 ~ 17 (매표마감 16:00)
하절기 (3월 ~ 10월) 09 ~ 18 (매표마감 17:00)
입장료 성인 : 1,000원 청소년 : 600원",,
26,걸리오름,서귀포시,제주특별자치도 서귀포시 성산읍 신풍리 1575,14,123.8,11449,원추형,126.8149448,33.37594447,http://place.map.kakao.com/25174765,,,,,없음(신풍레포츠공원 주차 추천),없음,있음,,,,,
27,걸서악(동걸세),서귀포시,제주특별자치도 서귀포시 남원읍 하례리 산124,48,158,58199,원추형,126.6197949,33.28231397,http://place.map.kakao.com/8183004,쉬움,0.18,18분,,없음,없음,있음,"봄, 가을",,,,
29,걸시오름,제주시,제주특별자치도 제주시 연동 산150,82,732.4,277449,말굽형(북향),126.5036447,33.41396642,http://place.map.kakao.com/25174790,쉬움,1.08,10분,시멘트,소규모 주차 가능,없음,있음,"여름 (계곡, 물놀이)",,,,
30,검은덕이,제주시,제주특별자치도 제주시 애월읍 소길리 산118,52,401.5,57156,원추형,126.3860448,33.41868025,http://place.map.kakao.com/11039987,쉬움,0.81,10분,토사,소규모 주차 가능,없음,있음,사계절,"레미콘 공장 안으로 진입
(들어가도 된다고 하셨으나 문의후 진입하세요)
끝까지 들어가면 주차공간 있음",,,
31,검은들먹오름,제주시,제주특별자치도 제주시 애월읍 봉성리 산1,87,712.4,120797,말굽형(북향),126.406297,33.36257483,http://place.map.kakao.com/8679274,,4.35,77분,토사,바리메 주차장 이용,주차장 화장실 이용,있음,가을 (억새),,,,
32,검은오름(연동),제주시,제주특별자치도 제주시 연동 산110,129,438.8,702094,말굽형(북향),126.4985671,33.44293879,http://place.map.kakao.com/8170465,쉬움,1.36,23분,,"입구앞, 근처 주차가능",없음,있음,사계절,,,,
33,고근산,서귀포시,제주특별자치도 서귀포시 서호동 1286-1,171,396.2,1204428,원형,,,,보통,1.74,30분,,주차가능,있음 (등산로시작지점),있음,사계절,"제주시내 전망, 야경, 산책, 접근성, 초보자",,,
34,고내봉,제주시,제주특별자치도 제주시 애월읍 고내리 산3-1,135,175.3,739484,복합형,126.3414192,33.45923568,http://place.map.kakao.com/8649358,보통,1.67,30분,토사 및 아스팔트,보광사 급경사 구간 전 소규모 주차가능,없음,있음,"봄, 가을","보광사 급경사 구간 전 공터 소규모 주차 가능
* 차량 진입 가능하고 주차장 있으나 초보운전자 주의
* 고내봉 등산진입로 여러곳 있으나 보광사 방향 추천
(다른 코스는 계단이 많고 길어 비교적 힘듦)
일출, 일몰 추천명소",,,
35,고냉이굴,제주시,제주특별자치도 제주시 봉개동 165,69,304.5,1136315,원형,126.6163232,33.4773882,http://place.map.kakao.com/8654782,,,10분,,없음,없음,있음,,,,,
36,고이악,서귀포시,제주특별자치도 서귀포시 남원읍 한남리 산16,52,302,90743,말굽형(북서향),126.6607874,33.31902874,http://place.map.kakao.com/8657685,쉬움,1.05,30분,,편백포레스트 주차장 이용,있음,있음,"봄, 가을",,"운영시간 : 09:00 ~ 17:00(하계 18:00)

일반 - 대인 : 10,000원 소인 : 6,000원

도민할인 대인 7,000원
             소인 5,000원
경로, 장애, 단체 30% 할인적용
예약문의 : 0507-1329-5099",,
37,골머리,제주시,제주특별자치도 제주시 노형동 산20,95,848.4,54036,원추형,126.496889,33.40629992,http://place.map.kakao.com/25179216,,,11분,,충홍묘지 주차장 이용,없음,없음,,출입제한,,,
38,골체오름,제주시,제주특별자치도 제주시 조천읍 선흘리 1912,30,395.3,25726,말굽형(남서향),126.7045841,33.45070086,http://place.map.kakao.com/8188069,쉬움,0.51,10분,,없음,없음,있음,벚꽃필때,벚꽃축제 장소,,,
39,과오름,제주시,제주특별자치도 제주시 애월읍 곽지리 산4,85,155,267254,말굽형(북서향),126.3231724,33.44619694,http://place.map.kakao.com/25180821,쉬움,1.04,19분,,없음,없음,있음,사계절,,,,
40,광이오름,제주시,제주특별자치도 제주시 연동 산62,77,266.8,236701,말굽형(남동향),126.4948812,33.46805585,http://place.map.kakao.com/25181898,,3,30분,,한라수목원 주차 (주차비 있음),주차장 화장실 이용,있음,,,,,
41,괭이모루,제주시,제주특별자치도 제주시 구좌읍 송당리 산198,33,253.2,89301,말굽형(동북향),126.7803343,33.4621355,http://place.map.kakao.com/8194279,,,10분,,소규모 주차 가능 (당오름 연계시 당오름 주차장 이용),없음,있음,,,,,
42,괴수치,서귀포시,제주특별자치도 서귀포시 안덕면 광평리 산79,59,558.7,99640,원형,126.3695856,33.34017741,http://place.map.kakao.com/8194672,쉬움,0.68,13분,,"만불정사 주차, 왕이메 길가 주차",없음,있음,,,,,
43,괴오름,제주시,제주특별자치도 제주시 애월읍 봉성리 산41,103,653.3,379587,말굽형(북향),126.3794884,33.35849651,http://place.map.kakao.com/10154919,,3.62,15분,,없음,없음,있음,"봄, 가을",,,,
44,구그네오름,제주시,제주특별자치도 제주시 조천읍 와흘리 957,47,237.4,38935,원추형,126.6392526,33.49054739,http://place.map.kakao.com/8191401,,,10분,,없음,없음,있음,,,,,
45,구두리오름,서귀포시,제주특별자치도 서귀포시 표선면 가시리 산158-2,117,517,451437,말굽형(동향),126.6880416,33.4099608,http://place.map.kakao.com/8191728,,,30분,,소규모 주차 가능,없음,있음,,,,,
46,구산봉,서귀포시,제주특별자치도 서귀포시 하원동 1180-2,69,174.2,186940,말굽형(동남향),126.4521419,33.25814409,http://place.map.kakao.com/8192529,쉬움,0.62,20분,,없음,없음,있음,"봄, 가을",,,,
47,군산,서귀포시,제주특별자치도 서귀포시 안덕면 창천리 564,280,334.5,2836857,원추형(라바돔),126.3699703,33.25323961,http://place.map.kakao.com/25186462,보통,1.95,10분,,소규모 주차 가능,없음,있음,"봄, 가을, 겨울","주차장 가는길 협소.
차량 교행 쉽지 않은편. 차량 주의
제주도 최대규모 오름",,,
48,굽은오름,제주시,제주특별자치도 제주시 한경면 조수리 3855,26,96,296443,복합형,126.2122755,33.29913028,http://place.map.kakao.com/8663815,,,15분,,없음,없음,없음,,,,,
49,궁대악,서귀포시,제주특별자치도 서귀포시 성산읍 수산리 4711,54,238.8,209701,복합형,126.8231417,33.43554155,http://place.map.kakao.com/8212572,쉬움,0.29,15분,,제주자연 생태공원 주차,생태공원 안에 있음,있음,,"산책로 잘 되어있다.
동물들 관찰 가능
반달곰, 독수리, 노루
노루 먹이주기체험 가능",입장료 무료,,
50,궁산(활오름),서귀포시,제주특별자치도 서귀포시 강정동 3712,37,187,73912,말굽형(북향),126.4800387,33.26363034,http://place.map.kakao.com/8668530,쉬움,0.89,16분,,없음,없음,있음,"봄, 가을",,,,
51,권제오름,제주시,제주특별자치도 제주시 아라일동 350,28,297.7,43039,원추형,126.5583136,33.45691901,http://place.map.kakao.com/8676017,쉬움,0.2,5분,,제주대학교 우편집중국 주차,없음,있음,,"제주대학교 내에 위치.
산책로 잘 되어있음",,,
52,큰궤펜이,제주시,제주특별자치도 제주시 조천읍 교래리 산137-1,167,792.1,529149,원형,126.6338666,33.39412471,http://place.map.kakao.com/11267601,,,,,없음,없음,없음,,주변 오름 중 가장 큼,,,
53,궷물오름,제주시,제주특별자치도 제주시 애월읍 유수암리 산136-6,57,597.2,138366,말굽형(북동향),126.4059387,33.39695302,http://place.map.kakao.com/8217224,보통,2.32,20분,토사,주차가능,주차장 간이 화장실,있음,"봄, 여름",궷물오름 + 큰 꼬노메 + 작은 노꼬메 연계 방문 추천,,,
54,극락오름,제주시,제주특별자치도 제주시 애월읍 고성리 산3,64,313.5,131583,말굽형(북서향),126.4145331,33.43448322,http://place.map.kakao.com/25187989,,,,,,,,,,,,
55,금산,서귀포시,제주특별자치도 서귀포시 안덕면 사계리 3152-2,34,63.5,67769,원추형,126.2853974,33.23513871,http://place.map.kakao.com/8222952,쉬움,0.5,10분,,입구 근처 도로변 주차,없음,있음,,"예전에는 등산로가 있었다함(마을주민)
현재 입구 찾을 수 없음
정상부근 사람 지나다닌 흔적있고 길 찾을수 있으나 진입로 찾을 수 없음",,,
56,금오름,제주시,제주특별자치도 제주시 한림읍 금악리 산1-1,178,427.5,613966,원형(화구호),126.3058389,33.35457233,http://place.map.kakao.com/25189061,보통,1.78,20분,콘크리트,전용 주차장 (무료),주차장에 있음,있음,가을(10월 억새),"비온뒤 특히 미끄러움주의
강풍시 체감 온도 낮음
분화구 호수, 억새, 유채꽃, 사계절, 둘레길, 정상전망",,,
57,까그래기,제주시,제주특별자치도 제주시 조천읍 교래리 128,49,429,132944,원형,126.7031475,33.43164464,http://place.map.kakao.com/25190845,쉬움,0.34,10분,,없음(공터 주차),없음,있음,"봄, 가을",네비 안내 멈춘곳에서 추차 추천,,,
58,꾀꼬리오름,제주시,제주특별자치도 제주시 조천읍 대흘리 산33,58,428.3,110674,말굽형(북서향),126.6791002,33.46115294,http://place.map.kakao.com/8241683,쉬움,1.3,20분,,입구앞 1~2대 주차가능,없음,있음,,"경사있음
등산로 뚜렷하지 않음
흔적따라 이동",,,
59,나시리오름,서귀포시,제주특별자치도 서귀포시 성산읍 난산리 2683,29,164,51624,말굽형(북향),126.8335694,33.41421117,http://place.map.kakao.com/25192315,쉬움,0.9,10분,,없음,없음,있음,여름 (시원),숲이 울창함. 자연 그대로의 모습,,,
60,남산봉,서귀포시,제주특별자치도 서귀포시 성산읍 신풍리 1657-1,54,178.8,185332,원형,126.8125302,33.38341257,http://place.map.kakao.com/11300413,쉬움,1.08,20분,,입구공터 소규모주차가능,없음,있음,사계절,마을 남쪽의 산봉우리. 마을 전경 조망,,,
61,남송이오름,서귀포시,제주특별자치도 서귀포시 안덕면 서광리 산33,139,339,366531,복합형,126.306819,33.31221422,http://place.map.kakao.com/8231118,보통,1.88,15분,,없음,없음,있음,"봄, 여름","넓고 부드러운 분화구 (완만한 형태의 분화구)
탁 트인 동부전망 (구좌, 송당 들판과 주변 오름 군락 조망가능)",,,
62,남짓은오름(폐쇠),제주시,제주특별자치도 제주시 연동 산25,167,296.7,637805,말굽형(북서향),,,,,,,,,,,,,,,
63,낭끼오름(남거니오름),서귀포시,제주특별자치도 서귀포시 성산읍 수산리 3954,40,185.1,82601,원형,126.8420223,33.43536958,http://place.map.kakao.com/25192869,쉬움,0.36,10분,,소규모주차(네비 종료후 안쪽 공터까지 진입 후 주차),없음,있음,"봄, 여름",억새군락지,,,
64,넉시악,서귀포시,제주특별자치도 서귀포시 남원읍 의귀리 531-1,56,146.2,128854,말굽형(서북향),126.7147835,33.30618821,http://place.map.kakao.com/8224254,쉬움,1.56,20분,,없음,없음,있음,사계절,,,,
65,넙거리(한남),서귀포시,제주특별자치도 서귀포시 남원읍 한남리 산2-1,102,436.6,269857,원형,126.6524583,33.33492207,http://place.map.kakao.com/8226028,쉬움,22.3,30분,,한남 사려니 탐방안내소 앞 소규모주차 가능,없음,없음,,,,,
66,넙거리,제주시,제주특별자치도 제주시 조천읍 교래리 산137-1,100,810,488263,말굽형(서향),126.6257498,33.39626617,http://place.map.kakao.com/10186346,,,,,,,,,"성판악 휴게소 북동쪽의 수림지대에 위치해 있으며, 3개의 화산체로 이루어진 궤펜이오름과 마주보고 있다. 5.16도로 성판교 북쪽 주변의 도로상에 ‘해발 730m’ 라는 표시돌이 서있는 곳으로 들어가면 표고 버섯 재배장이 나오며 그, 뒤편으로 쉽게 오를 수 있다. 2009년 글이라서 참고만. 이외의 정보가 없음
",,,
67,넙게오름,서귀포시,제주특별자치도 서귀포시 안덕면 서광리 943,62,246.5,260296,말굽형(서북향),126.3173631,33.28792468,http://place.map.kakao.com/8244203,쉬움,0.68,10분,,소규모 주차 가능,없음,있음,"봄, 가을",폭싹 속았수다 촬영지,,,
68,노꼬메족은오름,제주시,제주특별자치도 제주시 애월읍 유수암리 산138,124,774.4,601440,말굽형(북서향),126.4171443,33.3929165,http://place.map.kakao.com/8214370,보통,3.32,30분,,주차장 넓음,주차장 간이 화장실,있음,"봄, 가을","형제 오름(큰노꼬메, 궷물오름), 숲길 트레킹, 화산지형",,,
69,노꼬메큰오름,제주시,제주특별자치도 제주시 애월읍 유수암리 산138,234,833.8,923692,말굽형(북서향),126.4114582,33.38912818,http://place.map.kakao.com/10271092,보통,2.65,40분,,소규모 주차 가능,없음,있음,"봄, 가을",,,,
70,노로오름,제주시,제주특별자치도 제주시 애월읍 유수암리 산139,105,1070,475274,복합형,126.439303,33.36626077,http://place.map.kakao.com/25197040,,8.9,158분,토사,한라산 1100고지 주차장 이용 (차량 혼잡),주차장 화장실 이용,있음,"봄, 가을",숲길이 아름다움,,,
71,노리손이,제주시,제주특별자치도 제주시 연동 산137,136,616.2,222294,말굽형(북향),126.4965833,33.42555151,http://place.map.kakao.com/25197241,쉬움,0.616,30분,토사/시멘트,소규모 주차 가능,없음,있음,이른아침,노루서식지. 야생 노루 관찰 가능성,,,
72,녹남봉,서귀포시,제주특별자치도 서귀포시 대정읍 신도리 1304-1,50,100.4,124498,원형,,,,,,,,,,,,,,,
73,녹하지악,서귀포시,제주특별자치도 서귀포시 중문동 산5,121,620.5,340236,원추형,126.4308812,33.30464154,http://place.map.kakao.com/8228030,,,20분,,거린사슴 전망대,주차장 화장실 있음,있음,,"사려니 숲길, 삼나무, 힐링",,,
74,논고악,서귀포시,제주특별자치도 서귀포시 남원읍 신례리 산2-1,143,843,567616,원형,126.6106005,33.35962486,http://place.map.kakao.com/8251573,,,,,없음,없음,없음,,,,,
75,논오름(안덕),서귀포시,제주특별자치도 서귀포시 안덕면 화순리 12-1,56,186,92566,말굽형(북동향),126.3377127,33.27132249,http://place.map.kakao.com/25198519,쉬움,0.3,5분,,없음,없음,있음,"봄, 가을","정상 지붕있는 쉼터 있음
논오름 펜션 영업안함",,,
76,논오름(삼양),제주시,제주특별자치도 제주시 삼양일동 558-1,13,52.5,16244,원추형,126.5987952,33.51746816,http://place.map.kakao.com/8191971,,,10분,,없음,없음,없음,,"등산로 찾기 어려움, 사유지",,,
77,높은오름,제주시,제주특별자치도 제주시 구좌읍 송당리 산213-1,175,405.3,951657,원형,126.793069,33.45641147,http://place.map.kakao.com/25199090,쉬움,0.7,20분,,없음(길가 주차 가능),없음,있음,,"주변에서 가장 높은 오름.
한라산, 바다 조망가능(360도 개방형 조망)
사방이 트여 있는 전망형 오름",,,
78,누운오름,제주시,제주특별자치도 제주시 애월읍 광령리 산183-6,71,1711.2,144548,원추형,,,,,,,,,,,,,,,
79,누운오름,제주시,제주특별자치도 제주시 한림읍 금악리 산10-5,57,407,420021,복합형,126.3311916,33.36237779,http://place.map.kakao.com/11017083,쉬움,0.19,20분,,소규모 주차 가능,없음,있음,사계절,"오름입구 초원 사진찍기 좋음
봉우리 2개처럼 보임
다음 봉우리까지 길 보이면 등산 추천
360도 뷰 볼 수 있음
등산로 정비 거의없음
뚜렷한 탐방로 없음
가시덩굴, 억새 많아 길 찾기 어려움
식생이 올라오기전 초봄 탐방이 비교적 수월",,,
80,눈오름(봉성),제주시,제주특별자치도 제주시 애월읍 봉성리 2952-2,31,131.1,51576,말굽형(북향),126.3110467,33.40847348,http://place.map.kakao.com/8221826,,,,,,,,,?'눈오름교' 주변에 공간이 있으니 주차하고 길따라 조금 걸으면 밭 주변에 입구가 있음. 별거 없어서 비추천,,,
81,눈오름(장전),제주시,제주특별자치도 제주시 애월읍 장전리 1756,13,127.5,20780,말굽형(동향),126.3757112,33.449831,http://place.map.kakao.com/8220369,,,15분,,없음,없음,없음,,"등산로 찾기 어려움
눈의 제주 방언으로 작은 산봉우리",,,
82,눈오름(해안),제주시,제주특별자치도 제주시 해안동 166-5,54,203.5,105922,말굽형(북서향),126.474797,33.45946674,http://place.map.kakao.com/8297242,쉬움,0.41,42분,,없음,없음,있음,사계절,,,,
83,느지리오름,제주시,제주특별자치도 제주시 한림읍 상명리 산5,85,225,332844,복합형,126.2615941,33.36656797,http://place.map.kakao.com/7862701,쉬움,0.62,10분,토사,주차가능,입구에 있음,있음,"봄, 가을",산책로가 잘 되어있어 오르기 쉬움,,,
84,늡서리,제주시,제주특별자치도 제주시 조천읍 교래리 산119,59,488.9,115505,말굽형(북동향),126.6629475,33.44178417,http://place.map.kakao.com/8216051,쉬움,0.6,20분,,없음,없음,있음,,,,,
85,능화오름,제주시,제주특별자치도 제주시 오라동 산107,91,975.5,194370,말굽형(북향),126.5341367,33.40020805,http://place.map.kakao.com/10276903,,,,,,,,,"출입제한, 탐방불가",,,
86,다랑쉬,제주시,제주특별자치도 제주시 구좌읍 세화리 산6,227,382.4,800463,원형,126.8215359,33.47768586,http://place.map.kakao.com/25200772,쉬움,1.46,40분,목계단/ 고무,전용 주차장 (무료),있음(탐방 안내소 옆),있음,"가을(억새), 겨울 (탁 트인 전망)","오름의 여왕. 둥근 분화구가 달처럼 아름다움.
초반부터 경사있음 (짧지만 숨 차는 코스)
360도 조망 볼 수 있음
일몰, 일출시간 추천",,,
87,다래오름,서귀포시,제주특별자치도 서귀포시 중문동 산1-1,64,983.8,128686,말굽형(서향),,,,,,,,,,,,,,,
88,다래오름,제주시,제주특별자치도 제주시 애월읍 어음리 산25,87,696.5,231752,말굽형(북동향),,,,,,,,,,,,,,,
89,다래오름동북쪽,제주시,제주특별자치도 제주시 애월읍 봉성리 산1,40,725.9,97951,말굽형(동향),126.4097583,33.36202692,http://place.map.kakao.com/17788460,쉬움,25.57,18분,토사,없음,없음,없음,,,,,
90,단산,서귀포시,제주특별자치도 서귀포시 안덕면 사계리 3124-1,113,158,339982,원추형,126.2883335,33.24286074,http://place.map.kakao.com/8306005,쉬움,0.58,30분,,입구 근처 도로변 주차,없음,있음,,"초보자는 1탐방로 이용(계단)
대나무숲 포토존
대나무숲 이후 무조건 원점회귀 추천
길 찾기 어려움 등반 수준",,,
91,달산봉,서귀포시,제주특별자치도 서귀포시 표선면 하천리 1043-1,87,136.5,152322,말굽형(동향),126.8314143,33.34603585,http://place.map.kakao.com/7813516,쉬움,1.13,20분,,소규모 주차 가능,없음,있음,보름달 무렵,,,,
92,당산봉,제주시,제주특별자치도 제주시 한경면 용수리 4705,118,148,534135,복합형,126.1729781,33.30774396,http://place.map.kakao.com/7814429,쉬움,1.48,20분,토사/목계단,없음,없음,있음,"봄, 가을","정상 바다뷰
전망대 있음
차귀도 일몰 포인트",,,
93,당산봉 알봉,제주시,제주특별자치도 제주시 한경면 용수리 2705,53,83,184267,원추형,,,,쉬움,1.56,28분,,큰길가 주차,없음,있음,"봄, 가을","길정비 잘 되어있음
정상뷰는 없음
완만한 산책로",,,
94,당오름(안덕),서귀포시,제주특별자치도 서귀포시 안덕면 동광리 산68-1,118,473,415293,원형,126.3356559,33.33409955,http://place.map.kakao.com/7814463,보통,1.91,33분,"돌, 흙길, 야자매트",없음(입구공터 주차),없음,있음,"봄, 가을","탐방로 경사 심함
둘레길 산책로 잘 되어있음
사유지(입구표지판에 번호 있음)",,,
95,당오름(송당),제주시,제주특별자치도 제주시 구좌읍 송당리 산199-1,69,274.1,141135,말굽형(북서향),126.7786029,33.46659989,http://place.map.kakao.com/7814539,,1.36,26분,,큰길가 주차,없음,있음,,,,,
96,당오름(조천),제주시,제주특별자치도 제주시 조천읍 와산리 산7-1,56,306.4,138170,말굽형(남향),126.6876249,33.47856124,http://place.map.kakao.com/7814464,,,20분,,없음,없음,없음,,등산로 찾기 어려움,,,
97,대록산,서귀포시,제주특별자치도 서귀포시 표선면 가시리 산68,125,474.5,522097,원형,126.729544,33.39914417,http://place.map.kakao.com/25204904,보통,4.56,30분,,큰 주차장 있음,없음,있음,이른아침,"억새명소
분화구 둘레길
유채꽃/ 벚꽃, 녹산로, 한국의 아름다운 길 100선",,,
98,대물동산,제주시,제주특별자치도 제주시 구좌읍 송당리 1919,17,232.8,31003,말굽형(북향),126.7857782,33.46526459,http://place.map.kakao.com/7823928,,,4분,,없음,없음,있음,,등산로 찾기 어려움,,,
99,대병악,서귀포시,제주특별자치도 서귀포시 안덕면 상창리 산2-1,132,491.9,301657,말굽형(북향),126.3682578,33.30625848,http://place.map.kakao.com/10255199,,,40분,,네비 멈춘 지점에서 골목으로 진입 (상창리 61-3),없음,있음,,"소병악과 쌍둥이, 말 방목, 분화구",,,
100,대수산봉,서귀포시,제주특별자치도 서귀포시 성산읍 고성리 2039-1,97,137.3,260522,원형,126.9016497,33.43967509,http://place.map.kakao.com/25206111,쉬움,1.66,20분,,소규모 주차 가능,신양묘지길에 있음,있음,"봄, 가을","해안 비경, 성산일출봉/우도 조망, 일출 명소, 봉수대 역사, 초보자 적합",,,
101,대왕산,서귀포시,제주특별자치도 서귀포시 성산읍 수산리 1431,83,157.6,258195,말굽형(북서향),126.8729163,33.45612502,http://place.map.kakao.com/25206398,쉬움,0.7,30분,,소규모 주차 가능,없음,있음,"봄, 가을","성산일출봉 조망, 해송/삼나무, 반월형 정상",,,
102,대천이오름,제주시,제주특별자치도 제주시 조천읍 선흘리 산154,67,447,135971,말굽형(북동향),126.6850217,33.45135866,http://place.map.kakao.com/25206936,,,42분,,없음,없음,있음,,탐방로 정비 안되어 있음,,,
103,더데오름,서귀포시,제주특별자치도 서귀포시 상예동 4489-1,48,228.4,43434,원추형,126.373608,33.27685511,http://place.map.kakao.com/8264639,쉬움,0,,,,,,,,,,
104,도너리오름,서귀포시,제주특별자치도 서귀포시 안덕면 동광리 산90,110,439.6,306369,복합형,,,,쉬움,0.5,10분,,없음,없음,없음,사계절,"둔덕 형태의 완만한 오름
쉬운 등반",,,
105,도두봉,제주시,제주특별자치도 제주시 도두동 산1,55,65.3,80253,원추형,126.4683721,33.50790711,http://place.map.kakao.com/7834621,쉬움,1.08,15분,계단,전용 주차장 (무료),공원화장실 (뉴그린호 갈치 선상낚시 뒷편),있음,일몰 시간,"경사완만, 데크/계단 조성 잘 되어있어 접근성 좋음
제주공항 활주로, 한라산, 바다 전경",,,
106,도청오름,서귀포시,제주특별자치도 서귀포시 표선면 표선리 2450,70,100.5,152322,말굽형(남동향),126.8152552,33.31498065,http://place.map.kakao.com/10307727,쉬움,1.48,5분,,소규모 주차 가능,주차장 화잘실 이용,있음,사계절,도청 인근 접근성 좋음. 점심시간 산책,,,
107,독자봉,서귀포시,제주특별자치도 서귀포시 성산읍 신산리 1785,79,159.3,201388,말굽형(남동향),,,,쉬움,1.11,20분,,있음,없음,있음,"봄, 가을","올레길 3-A 코스, 정상전망대있음",,,
108,돈두미오름,서귀포시,제주특별자치도 서귀포시 대정읍 영락리 1450,22,41.9,116242,원추형,126.210242,33.24989166,http://place.map.kakao.com/7832617,보통,2.38,10분,,없음 (입구 앞 한대 주차 가능),없음,있음,"봄, 가을",등산로 뚜렷하지 않음,,,
109,돌미,서귀포시,제주특별자치도 서귀포시 성산읍 수산리 4535,26,186.4,33377,원추형,126.8291494,33.43796629,http://place.map.kakao.com/25034428,,,9분,,없음,없음,있음,,,,,
110,돌오름,서귀포시,제주특별자치도 서귀포시 안덕면 상천리 산1,71,865.8,406036,원형,126.4297502,33.33702228,http://place.map.kakao.com/7834687,쉬움,4.37,30분,토사,길가 주차,없음,없음,,,,,
111,돌오름,제주시,제주특별자치도 제주시 월평동 산6,54,1278.5,41620,원추형,126.5685472,33.38060253,http://place.map.kakao.com/7833931,,,,,,,,,,,,
112,돔박이,서귀포시,제주특별자치도 서귀포시 안덕면 광평리 산89,51,521.4,68146,말굽형(북동향),126.3643359,33.33947175,http://place.map.kakao.com/7834107,,,7분,,"만불정사 주차, 왕이메 길가 주차",없음,있음,,,,,
113,돔배오름,제주시,제주특별자치도 제주시 조천읍 교래리 산62,36,466,117259,원형,126.6692249,33.42785861,http://place.map.kakao.com/7834108,,,18분,,없음,없음,있음,,등산로 찾기 어려움,,,
114,동수악,서귀포시,제주특별자치도 서귀포시 남원읍 한남리 산2-1,100,700,256640,원형(화구호),126.62767,33.36136414,http://place.map.kakao.com/7840524,,,,,없음,없음,없음,,현재 출입 제한,,,
115,동알오름,서귀포시,제주특별자치도 서귀포시 대정읍 상모리 153,30,45,82517,말굽형(북동향),126.2881303,33.20741704,http://place.map.kakao.com/7849255,,,4분,,있음 (소규모 주차) 혹은 송악산 주차장 이용,주차장,있음,,등산로 찾기 어려움,,,
116,돝오름,제주시,제주특별자치도 제주시 구좌읍 송당리 산3,129,284.2,430425,원형,126.8015016,33.4810833,http://place.map.kakao.com/17788818,,,30분~50분,,없음,없음,,,,,,
117,두산봉,서귀포시,제주특별자치도 서귀포시 성산읍 시흥리 2665,101,126.5,924938,복합형,126.8873917,33.47711944,http://place.map.kakao.com/10289213,,,10분,,소규모 주차 가능,없음,있음,,,,,
118,둔지봉,제주시,제주특별자치도 제주시 구좌읍 한동리 산40,152,282.2,360185,말굽형(남향),33.5016894,126.7942442,https://place.map.kakao.com/7860733,보통,1.87,20분,콘크리트/토사,입구길가 소규모 주차 가능,없음,있음,사계절,"둔덕형태.
완만하여 가족산책 추천",,,
119,뒤굽은이,제주시,제주특별자치도 제주시 구좌읍 송당리 산 39-1,52,251.6,74274,말굽형(북향),126.7668334,33.4785363,http://place.map.kakao.com/7860041,쉬움,0.2,4분,,없음,없음,있음,"봄, 가을",뒷면이 굽은 독특한 형태.,,,
120,들레오름,제주시,제주특별자치도 제주시 월평동 665-2,40,347.9,92971,말굽형(남서향),126.5804393,33.45890545,http://place.map.kakao.com/25222743,쉬움,0.43,27분,,골목 진입전 영주고 맞은편 주차장 주차 추천,없음,있음,"봄 (야생화),가을 (억새)","동백나무 많음, 길정비 잘 되어있음",ㅐ,,
121,들리오름,제주시,제주특별자치도 제주시 오등동 158,47,542.4,47825,말굽형(북향),126.5402447,33.4272808,http://place.map.kakao.com/8341417,,,3분,,없음,없음,없음,,,,,
122,따라비,서귀포시,제주특별자치도 서귀포시 표선면 가시리 산62,107,342,448111,복합형,126.7528584,33.38870699,http://place.map.kakao.com/25036598,쉬움,1.34,25분,,전용 주차장 (무료),없음,있음,"가을 (억새, 일몰)","쌍분화구, 억새, 전설(사랑이야기), 가을 명소, 한적함",,,
123,마보기,서귀포시,제주특별자치도 서귀포시 안덕면 상천리 산83,45,559.7,57554,원추형,126.392997,33.32038021,http://place.map.kakao.com/7865729,쉬움,1.21,22분,,없음,없음,있음,맑은 날,,,,
124,마오름,제주시,제주특별자치도 제주시 한경면 저지리 산55-2,27,122,38946,말굽형(남향),126.2436561,33.33805524,http://place.map.kakao.com/10356367,,,,,없음,없음,없음,,등산로 찾기 어려움,,,
125,마은이,서귀포시,제주특별자치도 서귀포시 남원읍 수망리 산203,47,552,115182,말굽형(북향),126.6586027,33.37966391,http://place.map.kakao.com/7864566,보통,,80분,,물영아리 주차장 이용,물영아리 주차장 화장실,있음,,마음처럼 편안한 오름. 마을 안의 오름,,,
127,마중오름,제주시,제주특별자치도 제주시 한경면 저지리 2143-18,44,168.6,120340,복합형,126.2706087,33.33465243,http://place.map.kakao.com/10337128,쉬움,0.29,20분,토사,소규모 주차(네비 종료전 팻말있음),없음,있음,"봄, 가을",손님 마중 장소였던 곳. 역사적 의미,,,
128,만세동산,제주시,제주특별자치도 제주시 애월읍 광령리 산183-6,81,1606.2,239605,원추형,126.5060109,33.36819407,http://place.map.kakao.com/7870117,,,,,,,없음,,출입 제한 탐방 불가,,,
129,말젯오름,제주시,제주특별자치도 제주시 애월읍 곽지리 1085,13,102.5,0,원추형,126.3154714,33.45011894,http://place.map.kakao.com/17786069,,,10분,,입구공터 소규모 주차 가능,없음,있음,,,,,
130,말찻오름,제주시,제주특별자치도 제주시 조천읍 교래리 산137-1,103,653.3,403935,말굽형(동향),126.6542471,33.40056929,http://place.map.kakao.com/7860797,,6.7,20분,야자수 매트,"자연휴양림 주차(유료)
경차 : 1,000원
중, 소형 : 2,000원
대형 : 3,000원",휴양림 화장실 이용,있음,,,"매일 09:00 ~ 17:00

입장료
어른 : 1,000원
청소년 : 600원
어린이 : 300원",,
131,망동산,제주시,제주특별자치도 제주시 우도면 연평리 산19-1,30,87.5,47292,원추형,126.962404,33.49802084,http://place.map.kakao.com/7870134,,,,,,,,,,,,
132,망밭,서귀포시,제주특별자치도 서귀포시 서호동 73,43,52.6,61966,원추형,126.5241889,33.24199404,http://place.map.kakao.com/10349145,쉬움,1.34,25분,,속골유원지 주차,주차장 화장실 있음,있음,"봄, 가을",봉수대가 있었던 곳. 넓은 들판,,,
133,매오름,서귀포시,제주특별자치도 서귀포시 표선면 표선리 2458-1,107,136.7,353972,말굽형(북서향),126.8136193,33.31768039,http://place.map.kakao.com/25229887,,,10분,,소규모 주차 가능,없음,있음,,매의 제주 방언으로 작은 산봉우리,,,
134,머체오름,서귀포시,제주특별자치도 서귀포시 남원읍 한남리 산2-1,51,425.8,125020,원추형,126.6596668,33.34043651,http://place.map.kakao.com/8360323,,,25분,없음,없음,없음,,,출입제한 : 탐방불가 (산림연구시험림 운영),,,
135,명월오름,제주시,제주특별자치도 제주시 한림읍 명월리 1105,39,148.5,60359,말굽형(남향),126.2789974,33.38260324,http://place.map.kakao.com/10339539,쉬움,0.2,5분,,입구 1대 주차가능,없음,있음,,"매우 짧음
풍경은 좋음
묘지 많음",,,
136,모구리알오름,서귀포시,제주특별자치도 서귀포시 성산읍 난산리 2960-1,18,202.6,19641,말굽형(남향),126.8279721,33.40727732,http://place.map.kakao.com/7866881,쉬움,1.57,20분,,있음(모구리 야영장 주차장 이용),있음,,,"탐방불가(사유지, 진입로 없음)",,,
137,모구리오름,서귀포시,제주특별자치도 서귀포시 성산읍 난산리 2960-1,82,232,202089,말굽형(남동향),126.8286449,33.40901928,http://place.map.kakao.com/7868485,쉬움,1.57,20분,,있음(모구리 야영장 주차장 이용),야영장 내 공용화장실,있음,사계절,둥근형태의 아담한 오름.,,,
138,모라이악,서귀포시,제주특별자치도 서귀포시 색달동 산16-1,66,510.7,206773,원형,126.4139366,33.30157483,http://place.map.kakao.com/7868596,,,42분,,없음,없음,있음,,네비 종료후 골목진입 (차량X),,,
139,모슬봉,서귀포시,제주특별자치도 서귀포시 대정읍 상모리 3540-2,131,180.5,453030,원추형,126.2586578,33.23873924,http://place.map.kakao.com/7876363,쉬움,0.5,13분,,소규모 주차 가능,간이 화장실,있음,,"정상탐방불가(군사기지)
이용수칙
- 군사기지 및 군사시설 보호법 제 9조(보호 구역에서의 금지행위 등) 에 의거 드론, 군사시설 촬영 및 인터넷(SNS) 게시 금지
- 지정된 길만 이용 자연훼손, 쓰레기 투기 금지
- 안전사고 발생 시 즉시 신고","시범운영(2025년 2월부터)
매주 토, 일 09:00 ~ 15:00",,
140,모지오름,서귀포시,제주특별자치도 서귀포시 표선면 성읍리 산22,86,305.8,535643,말굽형(북동향),126.7681385,33.39361693,http://place.map.kakao.com/10328747,,,29분,,없음,없음,있음,,,,,
141,묘산봉,제주시,제주특별자치도 제주시 구좌읍 김녕리 2723,81,116.3,157609,말굽형(남향),126.7446789,33.54366565,http://place.map.kakao.com/10328462,,,15분,,없음,없음,있음 ,,,,,
142,무악(개오름 안덕),서귀포시,제주특별자치도 서귀포시 안덕면 동광리 산12,126,496.1,314656,말굽형(남향),126.3692336,33.3159864,http://place.map.kakao.com/237412511,쉬움,0.4,20분,,소규모 주차가능,없음,있음,,"정비 잘 되어있지 않음
지나간 흔적은 뚜렷함
입구 반대쪽으로 하산 가능하나 길 험함 정상원점회귀 추천",,,
143,문도지오름,제주시,제주특별자치도 제주시 한림읍 금악리 3444,55,260.3,106436,말굽형(동향),126.2946137,33.32625021,http://place.map.kakao.com/7875147,,,5분,,소규모 주차 가능,없음,없음,,탐방 불가(사유지) 오름 출입하면 고발한다는 글을 적어놓음,,,
144,문석이오름,제주시,제주특별자치도 제주시 구좌읍 송당리 산234,67,291.8,228379,복합형,126.7945242,33.44642856,http://place.map.kakao.com/25237382,,,,,없음,없음,없음,,문처럼 생긴 돌이 있는 오름,,,
145,물메(수산봉),제주시,제주특별자치도 제주시 애월읍 수산리 산1-1,92,121.5,1932024,원추형(분화구흔적),33.4726,126.387,https://place.map.kakao.com/7964847,보통,2.1,37분,토사/콘크리트,소규모 주차 가능,없음,있음,"봄, 여름",그네 포토존추천,,,
146,물영아리,서귀포시,제주특별자치도 서귀포시 남원읍 수망리 산189,128,508,717013,원형(화구호),126.6920637,33.36839465,http://place.map.kakao.com/7873185,쉬움,1.53,30분,,전용 주차장 (무료),주차장 화장실,있음,,"분화구에 습지가 형성된 람사르 습지. 다양한 습지식물과 철새 관찰 가능. 비올때 추천.
둘레길 풍경 예쁨(1시간)",,,
147,물오름,서귀포시,제주특별자치도 서귀포시 남원읍 한남리 산2-4,114,838.6,346856,말굽형(남동향),126.6232529,33.38429963,http://place.map.kakao.com/11289720,,,11분,,없음,없음,없음,,출입 제한 탐방 불가,,,
148,물장오리,제주시,제주특별자치도 제주시 봉개동 산78-2,120,937.2,628987,원형(화구호),126.6067945,33.40625511,http://place.map.kakao.com/10424248,,,,,,,,,"탐방 불가 (한라산 국립공원)
대한민국 천연기념물
물장오리는 한라산 국립공원 지대 내에 위치하는데다 오름 자체가 절대보전지역으로 지정되어 출입이 엄격히 제한되고 있다.",,,
149,물찻,제주시,제주특별자치도 제주시 조천읍 교래리 산137-1,167,717.2,744401,복합형(화구호),126.6528746,33.39484743,http://place.map.kakao.com/10417720,보통,0.78,30분,토사,사려니 숲길 주차장 이용,입구에 있음,없음,"봄, 가을","출입제한 확인 필요, 자연 휴식년제가 있음
2008년부터 통제함 현재는 행사할 때 가끔 개방 ",,,
150,"미악산(쌀오름, 솔오름)",서귀포시,제주특별자치도 서귀포시 동홍동 산7,113,567.5,424611,말굽형(남향),126.5544916,33.30060832,http://place.map.kakao.com/25302677,,1.5,40분,,있음,,,,"지름길 있음
제주도 서귀포시 토평동 16-3 치고 가면 금방 정상에 오름. 다만 멋진 숲길을 보고 싶다면 코스대로 등산하는거 추천",,,
152,민머루오름,서귀포시,제주특별자치도 서귀포시 중문동 산1-3,82,882.7,387181,원추형,126.4555505,33.32535308,http://place.map.kakao.com/7883453,,,,,,,,,,,,
153,민오름(수망),서귀포시,제주특별자치도 서귀포시 남원읍 수망리 158,97,446.8,371170,말굽형(동향),126.6770306,33.35018612,http://place.map.kakao.com/10412117,,,20분,야자매트/계단,있음,주차장 간이화장실,,,"옥귀마테마타운 나오면 쭉 직진, 막다른 길이 나오면 오른쪽으로 쭉 직진",,,
154,민오름(송당),제주시,제주특별자치도 제주시 구좌읍 송당리 산156,102,362,412245,말굽형(북동향),126.762803,33.43632531,http://place.map.kakao.com/8316763,,,,,,,있음,,나무 없이 풀만있는 민둥산이라는 뜻,,,
155,민오름(오라이동),제주시,제주특별자치도 제주시 오라이동 산28,117,251.7,474001,말굽형(북동향),126.5070916,33.47572799,http://place.map.kakao.com/8316764,쉬움,4.89,24분,나무데크 계단,소규모 주차 가능,있음 (등산로 진입전),있음,사계절,"도심 접근성 좋음, 오르는 길 다양",,,
156,민오름(조천),제주시,제주특별자치도 제주시 조천읍 선흘리 산141,118,518.3,400724,복합형,126.6951111,33.4484194,http://place.map.kakao.com/7881286,,,,,선흘리 1911 찍고 공터에 주차,,,,입구 찾기 쉽지않음.,,,
157,민오름(무녜오름),제주시,제주특별자치도 제주시 봉개동 산64,136,651,518910,복합형,126.6370805,33.43725543,http://place.map.kakao.com/7879348,쉬움,1.16,21분,,있음,공용화장실 있음,없음,"봄 (초록), 가을 (황금빛)",나무 없는 초원 오름,,,
158,바농오름,제주시,제주특별자치도 제주시 조천읍 교래리 산108,142,552.1,473953,복합형,126.6538027,33.45377197,http://place.map.kakao.com/25240627,쉬움,1.02,19분,,입구앞 주차가능(공터),없음,있음,"봄, 가을",바늘처럼 뾰족한 형태. 독특한 외관,,,
159,큰바리메,제주시,제주특별자치도 제주시 애월읍 어음리 산21,213,763.4,1288365,원형,126.3880198,33.37713081,http://place.map.kakao.com/7888119,보통,2.64,30분,토사,주차장 있음,주차장 화장실 이용,있음,"봄, 가을",,,,
160,밝은오름,서귀포시,제주특별자치도 서귀포시 안덕면 동광리 1138,40,290,54945,말굽형(북향),126.3414721,33.30124982,http://place.map.kakao.com/7888984,쉬움,0.3,5분,,입구앞 1대 주차가능,없음,있음,,,,,
161,밝은오름,제주시,제주특별자치도 제주시 한림읍 금악리 18-1,15,379.9,15698,말굽형(북향),126.3359411,33.35113777,http://place.map.kakao.com/25243139,,,18분,,없음,없음,없음,,출입 제한 : 등산로 찾기 어려움,,,
162,밝은오름,제주시,제주특별자치도 제주시 한림읍 상명리 1696,43,182.5,78972,말굽형(북향),126.2660258,33.36087092,http://place.map.kakao.com/11070664,,,,,없음,없음,없음,,,,,
163,밝은오름,제주시,제주특별자치도 제주시 해안동 355-21,37,337,33180,말굽형(남향),126.4647283,33.44015025,http://place.map.kakao.com/8385072,,,,,,,,,,,,
164,밧돌오름,제주시,제주특별자치도 제주시 구좌읍 송당리 산66-1,103,352.8,372226,말굽형(북동향),126.76007,33.46071398,http://place.map.kakao.com/7896521,보통,3.21,57분,,없음,없음,있음,사계절,,,,
165,밧세미,제주시,제주특별자치도 제주시 봉개동 산3,92,391.7,114322,말굽형(북동향),126.6030946,33.4652579,http://place.map.kakao.com/25244025,쉬움,0.29,30분,토사,안세미오름 주차장 이용(공터),없음,있음,"봄, 여름",,,,
166,방애오름(서귀포),서귀포시,제주특별자치도 서귀포시 동홍동 산1,129,1699.3,395807,원추형,126.5275358,33.3542695,http://place.map.kakao.com/7890028,,,54분,,없음,없음,없음,없음,출입 제한 : 탐방 불가,,,
167,방애오름(제주시),제주시,제주특별자치도 제주시 조천읍 교래리 산45,48,453.4,475019,원형,126.6845195,33.44392454,http://place.map.kakao.com/10810149,쉬움,1.19,21분,,없음 도로변길주차,없음,있음,"봄, 가을",,,,
169,방주오름,제주시,제주특별자치도 제주시 한림읍 명월리 679,8,163.3,9975,원추형,126.28296,33.37903424,http://place.map.kakao.com/10393740,쉬움,0.1,1분,,없음,없음,있음,,도로가 오름 정상임. 등산로 탐방로 없음,,,
170,백약이오름,서귀포시,제주특별자치도 서귀포시 표선면 성읍리 산1,132,356.9,581463,원형,126.7897582,33.43680941,http://place.map.kakao.com/25248461,보통,2.11,37분,,"1. 입구주차장 주차비 있음 (2시간 3800원)
2. 공영주차장 도보 10분 (송당리 2298-3)",없음,있음,"여름(초록), 봄",약초가 풀부. 힐링산책. 여름에는 초록 배경으로 인생샷 명소. 웨딩 촬영지,,,
171,번널오름,서귀포시,제주특별자치도 서귀포시 표선면 가시리 산10,62,272.3,129713,원추형(침식),126.7459055,33.37431935,http://place.map.kakao.com/7895084,쉬움,1.01,18분,,입구앞 1대정도 주차 가능하나 골목 진입전 공터에 주차 추천,없음,있음,"봄, 가을",넓게 펼쳐진 형태. 시원한 조망,,,
172,법정악,서귀포시,제주특별자치도 서귀포시 하원동 산1-1,90,760.1,97901,원추형,126.4696061,33.31361084,http://place.map.kakao.com/7901044,쉬움,0.7,12분,나무계단,"자연휴양림 주차(유료)
경차 : 1,000원
중, 소형 : 2,000원
대형 : 3,000원",등산로 입구에 있음,있음,"봄, 가을","운영시간 매일 09:00 ~ 17:00
입장료
어른 : 1,000원
청소년 : 600원
어린이 : 300원",`,,
173,베두리오름(삼무공원),제주시,제주특별자치도 제주시 연동 270-5,10,85,21438,말굽형(남향),126.4917765,33.49201112,http://place.map.kakao.com/17807680,,,,,없음,없음,있음,,,,,
174,베릿네오름,서귀포시,제주특별자치도 서귀포시 중문동 2284,61,101.2,159357,말굽형(북향),126.4215055,33.24733194,http://place.map.kakao.com/17809089,,1.4,20분,,없음,없음,없음,,,,,
175,별도봉,제주시,제주특별자치도 제주시 화북일동 4472,101,136,242535,원추형,,,,,,,,,,,,,,,
176,병곳오름,서귀포시,제주특별자치도 서귀포시 표선면 가시리 산8,113,288.1,482903,말굽형(북동향),126.7483755,33.367042,http://place.map.kakao.com/11302272,쉬움,0.59,11분,,소규모 주차 가능,없음,있음,"봄, 가을",,,,
177,보롬이(대정),서귀포시,제주특별자치도 서귀포시 대정읍 무릉1리 3526-1,14,49,15717,원추형,126.1923061,33.27052506,http://place.map.kakao.com/11299651,쉬움,0.3,10분,,없음,없음,있음,,"뚜렷한 등산로 없음
정상뷰없음, 길정비 안되어있음 잡풀없음",,,
178,보름이(하논),서귀포시,제주특별자치도 서귀포시 서홍동 1212,30,85.4,109615,원추형,126.5446557,33.25031966,http://place.map.kakao.com/17789092,쉬움,,,,없음,없음,없음,,탐방불가 (사유지),,,
179,보리악,서귀포시,제주특별자치도 서귀포시 남원읍 신례리 산2-1,130,739.6,442410,원추형,126.6011192,33.34703073,http://place.map.kakao.com/25253060,,,,,없음,없음,없음,,,,,
180,본지오름,서귀포시,제주특별자치도 서귀포시 성산읍 삼달리 2104-1,32,151.9,120987,말굽형(남향),126.8222608,33.38710279,http://place.map.kakao.com/25254223,,,10분,,없음,없음,있음,,본래의 터라는 뜻,,,
181,볼레오름,서귀포시,제주특별자치도 서귀포시 하원동 산1-1,104,1374.2,453146,말굽형(북서향),126.484936,33.35310292,http://place.map.kakao.com/7901198,,,,,없음,없음,없음,,탐방불가,,,
182,봉아오름,제주시,제주특별자치도 제주시 봉개동 1811-1,36,165.5,57506,말굽형(남서향),126.5925188,33.4942839,http://place.map.kakao.com/11054575,,,,,없음,없음,없음,,등산로 없음,,,
183,부대악,제주시,제주특별자치도 제주시 조천읍 선흘리 산103-1,109,468.8,455827,말굽형(동북향),126.7085198,33.44641942,http://place.map.kakao.com/10471809,,,30분,,없음,없음,있음,,부대가 주둔했던 오름,,,
184,부소악,제주시,제주특별자치도 제주시 조천읍 교래리 산2,129,469.2,423459,말굽형(서남향),126.7177527,33.4421915,http://place.map.kakao.com/8363069,,,33분,,없음,없음,없음,,,,,
185,북돌아진오름,제주시,제주특별자치도 제주시 애월읍 봉성리 산41,118,643,338981,말굽형(북서향),126.3738009,33.3563546,http://place.map.kakao.com/7906497,,3.48,20분,콘크리트/ 토사,소규모 주차 가능,없음,있음,"봄, 가을",,,,
186,북망산(알오름),서귀포시,제주특별자치도 서귀포시 표선면 토산리 산11,42,141.9,83414,원추형,126.7777084,33.32789448,http://place.map.kakao.com/11104042,쉬움,1.07,19분,,길가 주차,없음,없음,,,,,
187,북오름(안덕),서귀포시,제주특별자치도 서귀포시 안덕면 동광리 산93,84,314.3,121783,말굽형(남향),126.3320722,33.30628923,http://place.map.kakao.com/10447654,,,6분,,없음,없음,있음,,,,,
188,북오름(덕천),제주시,제주특별자치도 제주시 구좌읍 덕천리 산69,86,304.6,168850,말굽형(북향),126.740167,33.48729193,http://place.map.kakao.com/7912662,쉬움,1.11,20분,,없음,없음,있음,여름,,,,
190,붉은오름,서귀포시,제주특별자치도 서귀포시 성산읍 고성리 62-4,28,33,5343,원추형,,,,,,,,,,,,,,,
191,붉은오름,서귀포시,제주특별자치도 서귀포시 표선면 가시리 산158,129,569,585044,원형,126.6795385,33.39985819,http://place.map.kakao.com/10455841,쉬움,1.7,30분,데크계단/ 야자수매트,"자연휴양림 주차(유료)
경차 : 1,000원
중, 소형 : 2,000원
대형 : 3,000원",휴양림 내에 있음,있음,,"운영시간 매일 09:00 ~ 17:00
입장료
어른 : 1,000원
청소년 : 600원
어린이 : 300원",,,
192,붉은오름,제주시,제주특별자치도 제주시 애월읍 광령리 산183-2,136,1061,411978,말굽형(북서향),126.4589778,33.37533619,http://place.map.kakao.com/25259581,,,,,,,,,탐방불가,,,
193,비양봉,제주시,제주특별자치도 제주시 한림읍 협재리 산100-1,104,114.1,260428,복합형,126.226973,33.40945313,http://place.map.kakao.com/7915415,,,20분,계단,한림항 주차장,있음,있음,,"계단으로 짧고 굵은 등반 후 멋진 풍경. 해안, 등대",,,
194,비치미,제주시,제주특별자치도 제주시 구좌읍 송당리 산255-1,109,344.1,388793,말굽형(북동향),126.7632386,33.42755797,http://place.map.kakao.com/8379747,,3.65,10분,,없음,없음,있음,"봄, 가을",,,,
195,빈네오름,제주시,제주특별자치도 제주시 애월읍 봉성리 52-16,93,658.6,359116,말굽형(남서향),126.3941615,33.34903089,http://place.map.kakao.com/7920053,쉬움,0.84,30분,,1대가능,없음,있음,"봄, 여름",등산로 찾기 어려움,,,
196,사라봉,제주시,제주특별자치도 제주시 건입동 387-1,98,148.2,233471,말굽형(북서향),126.5708756,33.37193619,http://place.map.kakao.com/25262407,쉬움,1.02,20분,토사/ 콘크리트,,"있음(입구, 정상, 진입로)",있음,오후 ~ 일몰,"제주시내 전망, 일출, 산책, 접근성 좋음",,,
197,사라오름,서귀포시,제주특별자치도 서귀포시 남원읍 신례리 산2-1,150,1324.7,440686,원형,126.5708756,33.37193619,http://place.map.kakao.com/25262407,어려움,,120분,,"1. 성판악 주차장 (유료) - 주말은 7시전 만차
2. 대안 제주 국제대학교 환승주차장(추천) - 영평동 2237-6",있음,있음,,,,,
198,사려니,서귀포시,제주특별자치도 서귀포시 남원읍 한남리 산2-1,98,523,260107,말굽형(북동),126.6458301,33.34017512,http://place.map.kakao.com/7916414,,,,,,,,,"해당 사이트 참고. 예약하고 가야됨. 항시 개방도 아니라 사이트 봐야 한다. 
https://www.foresttrip.go.kr/indvz/main.do?hmpgId=ID05030007","탐방안내 : 064-730-7272
오시는길 : 제주특별자치도 서귀포시 남원읍 서성로651번길 235(주차장)
인터넷 선착순 예약 정원 : 400명
운영시간 : 09:00 ~ 17:00 (17시 전까지 하산완료)
숲해설 제공시간 : 오전9시, 오후1시",,
199,사려니 남서쪽,서귀포시,제주특별자치도 서귀포시 남원읍 한남리 산2-1,73,473,77637,원추형,126.6394809,33.34061668,http://place.map.kakao.com/7916415,,,,,,,,,,,,
200,사제비동산,제주시,제주특별자치도 제주시 애월읍 광령리 산183-6,49,1423.8,95420,말굽형(서향),126.4973852,33.37480791,http://place.map.kakao.com/7914532,,,,,,,,,탐방불가,,,
201,산굼부리,제주시,제주특별자치도 제주시 조천읍 교래리 산38,32,437.4,574697,원형,126.693832,33.43257409,http://place.map.kakao.com/21348535,,,24분,,전용 주차장(무료),있음,있음,,,"3~6월/9~10월 : 09:00~18:40 (입장마감 18:00)
7~8월/11~2월 : 09:00 ~ 17:40 (입장마감 17:00)
입장료
성인 : 7,000원
만4세이상 ~ 청소년 : 6,000원
만 65세이상, 도민, 국가유공자, 장애인 : 5,000원",,
202,산방산,서귀포시,제주특별자치도 서귀포시 안덕면 사계리 산16,345,395.2,988332,원추형(종모양),,,https://place.map.kakao.com/8386141,보통,1.17,30분,,공영주차장 (유료),있음,없음,"봄 (유채꽃), 가을","출입제한: 삼방굴사까지만 탐방가능
설문대할망이 한라산 꼭대기를 뽑아 던져놓았다는 산방산 · 명승 제77호 · 천연기념물 제376호 · 올레10코스","유료,산방굴사 입장료 유료( 어른 1.000원, 청소년.어린이 500원 , 장애인 경로인 무료)
이용 시간
평일 : 09:00 ~ 18:00 , 주말 : 09:00 ~ 18:00",,
203,산세미오름,제주시,제주특별자치도 제주시 애월읍 고성리 산127,102,651.6,382100,말굽형(북향),126.4341059,33.40869729,http://place.map.kakao.com/10440260,보통,2.94,30분,토사,없음 길가주차,없음,있음,"봄, 여름",,,,
204,살핀오름,제주시,제주특별자치도 제주시 애월읍 광령리 산183-2,76,1076.3,112029,원추형,126.462169,33.36788565,http://place.map.kakao.com/25267011,,,,,,,,,,출입제한 : 탐방불가,,
206,삼매봉,서귀포시,제주특별자치도 서귀포시 서홍동 809-1,104,153.6,334070,복합형,,,,쉬움,1.55,30분,,외돌개 화장실 이용,주차장 화장실 이용,있음,봄(매화철),,,,
207,삼형제(샛오름)남쪽Ⅰ,서귀포시,제주특별자치도 서귀포시 색달동 산1-3,123,1014,72363,원추형,126.4476575,33.35362882,http://place.map.kakao.com/7926168,,,,,없음(1100고지 주차장 이용),없음,있음,,,,,
208,삼형제(샛오름)남쪽Ⅱ,서귀포시,제주특별자치도 서귀포시 색달동 산1-3,45,1025.6,87416,원추형,126.4505916,33.3544641,http://place.map.kakao.com/7926152,보통,2.44,,토사,전용 주차장 (무료),없음,없음,"봄, 가을",,,,
209,삼형제말젯오름,제주시,제주특별자치도 제주시 애월읍 봉성리 산1,123,1075,340627,말굽형(북서향),126.4445282,33.35816348,http://place.map.kakao.com/7931117,,,17분,,없음(1100고지 주차장 이용),없음,있음,,,,,
210,삼형제샛오름,제주시,제주특별자치도 제주시 애월읍 광령리 산183-2,49,1112.8,412642,말굽형(북서향),126.4524915,33.35816909,http://place.map.kakao.com/8389202,,,31분,,없음(1100고지 주차장 이용),없음,있음,,,,,
211,삼형제큰오름,제주시,제주특별자치도 제주시 애월읍 광령리 산183-2,118,1142.5,367384,말굽형(북서향),126.4603308,33.357749,http://place.map.kakao.com/7923716,,,3분,,없음(1100고지 주차장 이용),없음,있음,,,,,
212,상여오름,제주시,제주특별자치도 제주시 연동 산72,60,245,162799,원추형,126.4916998,33.46571673,http://place.map.kakao.com/7925330,,,,,없음,없음,있음,,,,,
213,새끼오름,서귀포시,제주특별자치도 서귀포시 표선면 성읍리 3196-1,51,301.2,114795,말굽형(서향),126.7510302,33.39660871,http://place.map.kakao.com/8387235,,,21분,,공터 주차,없음,있음,,,,,
214,새별오름,제주시,제주특별자치도 제주시 애월읍 봉성리 산59-8,119,519.3,522216,복합형,126.3577307,33.36627759,http://place.map.kakao.com/25274725,보통,1.82,32분,,전용 주차장 (무료),주차장 화장실 이용,있음,"가을, 정월대보름",새벽별처럼 빛나는 오름. 들불 축제 장소로 유명. 경사가 가파름 ,,,
215,새신오름,제주시,제주특별자치도 제주시 한경면 청수리 3369,41,141.2,214735,원형,126.2376749,33.29776949,http://place.map.kakao.com/11117069,쉬움,0.25,4분,토사,없음,없음,없음,,,,,
216,샛개오리,제주시,제주특별자치도 제주시 봉개동 산78-1,58,658.3,73832,원추형,126.6146526,33.42989739,http://place.map.kakao.com/17782147,쉬움,0.65,40분,시멘트,소규모 주차 가능(공터),없음,있음,,,,,
217,샛궤펜이,제주시,제주특별자치도 제주시 조천읍 교래리 산137-1,37,757,48413,원형,126.6338666,33.39412471,http://place.map.kakao.com/11267601,,,,,,,,,단독 진입로가 없고 수풀이 우거져 있어 실제 탐방객들은 516도로(성판악 인근)나 사려니숲길 주차장에서 출발,,,
218,샛오름,제주시,제주특별자치도 제주시 애월읍 곽지리 산15,60,100,155467,말굽형(남서향),126.317176,33.4483468,http://place.map.kakao.com/8229310,쉬움,1.04,19분,흙길,없음,없음,있음,사계절,,,,
219,생기악,서귀포시,제주특별자치도 서귀포시 남원읍 신례리 산33-1,65,260,167924,말굽형(북서향),126.6425165,33.3056524,http://place.map.kakao.com/25278387,보통,2.11,30분,,없음,없음,있음,"봄, 가을",출입 제한 : 개인사유지,,,
220,서삼봉,제주시,제주특별자치도 제주시 오등동 산 50,48,448.4,21355,말굽형(서남향),,,https://place.map.kakao.com/7940279,쉬움,0.27,30분,,치유의 숲 주차장 이용,치유의 숲 화장실 이용,있음,,"등산로 정비 잘 안되어있음.
사람 흔적따라 이동
진입로만 잘 찾으면 헤매지는 않을 정도. 혼자서는 가지마시길.",,,
221,서수모루,제주시,제주특별자치도 제주시 구좌읍 송당리 산67-2,28,253.7,39359,말굽형(동남향),126.7686423,33.46424924,http://place.map.kakao.com/7937664,쉬움,0.89,16분,,없음,없음,없음,일몰 시간,출입제한 : 사유지,,,
222,서우봉,제주시,제주특별자치도 제주시 조천읍 함덕리 169-1,106,111.3,835758,원추형,126.6775859,33.54584155,http://place.map.kakao.com/25280784,보통,1.65,30분,토사/콘크리트,함덕해수욕장 화장실 주차,주차장 화장실 이용,있음,여름 (해수욕 연계),유채꽃 이쁨,,,
223,선소오름,제주시,제주특별자치도 제주시 한림읍 금악리 2785-1,46,226,240943,말굽형(동향),126.2909149,33.372895,http://place.map.kakao.com/25283148,쉬움,0.79,5분,,소규모 주차 가능,없음,있음,사계절,"묘지가 많은 오름
묘지 구간 지나가는 길 있음
정상 능선이 비교적 완만
억새 많음
주변 오름들과 들판 조망 가능",,,
224,설오름,서귀포시,제주특별자치도 서귀포시 신효동 1028,15,50.1,27896,원추형,126.6049353,33.25599145,http://place.map.kakao.com/7939481,,,,,,,,,,,,
225,설오름,서귀포시,제주특별자치도 서귀포시 표선면 가시리 산1,98,238,273810,말굽형(서향),126.7695523,33.37106377,http://place.map.kakao.com/7946961,,,35분,,없음,없음,있음,,"서귀포시 표선면 가시리 1607-4 에 주차.
모노레일 따라 쭉 올라가면 됨.
가파름",,,
226,섯궤펜이,제주시,제주특별자치도 제주시 조천읍 교래리 산137-1,59,774,72363,원형,126.6301213,33.39297848,http://place.map.kakao.com/8426762,,,,,없음,없음,없음,,"세 오름(샛궤펜이, 큰퀘펜이, 섯궤펜이)중 서쪽에 위치하고 있어서 섯궤펜이라고 함.
등산로 찾기 어려움",,,
227,섯알오름,서귀포시,제주특별자치도 서귀포시 대정읍 상모리 1618,21,40.7,29094,말굽형(서향),126.2812168,33.20649191,http://place.map.kakao.com/25284265,쉬움,1.42,25분,,섯알오름 학살터 주차장,주차장화장실 이용,있음,일몰,"4.3사건, 예비검속 화살터, 다크투어, 역사교육, 알뜨르비행장, 추모, 평화",,,
229,성불오름,제주시,제주특별자치도 제주시 구좌읍 송당리 산266,97,361.7,380707,말굽형(동향),126.7499887,33.422125,http://place.map.kakao.com/7951103,쉬움,1.05,19분,토사,소규모 주차 가능,없음,있음,"봄, 가을","불교, 사찰이 있었던 신성한 곳",,,
230,성산일출봉,서귀포시,제주특별자치도 서귀포시 성산읍 성산리 1,174,179,453030,원형,126.940874,33.4588457,https://place.map.kakao.com/25285071,쉬움,1.04,18분,정비된 길,공영주차장(무료),주차장 화장실 있음,있음,"일출(새해), 사계절",,"영업시간
(동절기) 1-2월 11-12월 06:00 - 18:00 (매표 17:00까지)
(춘/추절기)3-4월 9-10월 05:00 ~ 19:00 (매표 18:00까지)
(하절기)5~8월 04:30 ~20:00 (매표 19:00까지)
매달 1번째 월요일 정기 휴무(공휴일인 경우 다음날 휴무)
요금정보 
성인 : 5,000원
청소년, 군인, 어린이 : 2,500원
도민, 국가유공자, 장애인 : 증명서류 지참시 면제",,
231,성진이오름,제주시,제주특별자치도 제주시 봉개동 산78-2,75,700.5,128381,원형,126.6108449,33.41980553,http://place.map.kakao.com/8382357,쉬움,0.51,9분,토사,없음,없음,없음,,,탐방불가 : 출입제한,,
232,세미소오름,제주시,제주특별자치도 제주시 한림읍 금악리 363,30,374.8,160098,원형(화구호),126.3233219,33.34995256,http://place.map.kakao.com/237466193,쉬움,1.01,19분,콘크리트,성이시돌센터 전시관 주차장 이용,없음,"있음 봄, 여름",,"분화구(굼부리), 연못(세미소), 이시돌목장, 삼나무숲, 은총의 동산",,,
233,세미오름,제주시,제주특별자치도 제주시 아라동 산24-2,139,574.3,412000,원형,126.6146526,33.42989739,http://place.map.kakao.com/17782147,,,,,,,,,,,,
234,세미오름,제주시,제주특별자치도 제주시 조천읍 대흘리 산27-1,126,421,261938,말굽형(남서형),126.6694218,33.47404749,http://place.map.kakao.com/10566814,보통,1.67,30분,토사,소규모 주차 가능,있음,있음,"봄, 여름",,,,
235,소록산,서귀포시,제주특별자치도 서귀포시 표선면 가시리 산 87-24,102,441.9,386069,말굽형(북동향),126.7227858,33.40057815,http://place.map.kakao.com/7958576,쉬움,1.08,18분,,큰사슴이오름(대록산) 주차장 이용,없음,있음,"봄, 가을",큰사슴이오름(대록산) 연계방문 추천,,,
236,소병악,서귀포시,제주특별자치도 서귀포시 안덕면 상창리 산2-1,93,473,178836,말굽형(서향),126.3742968,33.3083447,http://place.map.kakao.com/7958410,,,121분,,네비 멈춘 지점에서 골목으로 진입 (상창리 61-3),,,,"대병악과 쌍둥이오름, 한라산/서귀포/산방산 전망",,,
237,소산오름,제주시,제주특별자치도 제주시 아라일동 산31,48,412.8,30782,원추형,126.553583,33.4465294,https://place.map.kakao.com/24022940,쉬움,0.28,30분,토사,"산천단 주차, 치유의숲 주차장 이용",치유의숲주차장에만 있음,있음,사계절,등산로입구 산천단에서 주차시 곰솔나무 옆으로 진입. 길정비 안되어있음,,,
238,소소름,서귀포시,제주특별자치도 서귀포시 표선면 토산리 220,42,162.4,91501,말굽형(서향),126.7552111,33.34420856,http://place.map.kakao.com/10548055,쉬움,0.28,5분,,없음,없음,있음,사계절,,,,
239,소수산봉,서귀포시,제주특별자치도 서귀포시 성산읍 고성리 887,38,53,34119,원추형,126.9122164,33.4367636,http://place.map.kakao.com/25288503,쉬움,0.76,14분,,없음,없음,있음,"봄, 가을","완만한 경사, 초보자 적합",,,
240,소왕산,서귀포시,제주특별자치도 서귀포시 성산읍 수산리 2160,28,103,35071,말굽형(서향),126.8768135,33.46431105,http://place.map.kakao.com/7959730,쉬움,0.5,15분,,없음,없음,없음,,등산로 찾기 매우힘듦,,,
241,손자봉,제주시,제주특별자치도 제주시 구좌읍 종달리 산52,76,255.8,279921,복합형,126.8198323,33.45662365,http://place.map.kakao.com/7959260,쉬움,0.61,10분,,입구공터 주차가능,없음,있음,"봄, 가을",한라산 축소판 같은 느낌,,,
242,송아오름,제주시,제주특별자치도 제주시 한경면 조수리 134,29,104,30701,말굽형(남향),126.2385686,33.33563763,http://place.map.kakao.com/7957264,,,,,,,,,"가시넝쿨, 등산로 안좋음",,,
243,송악산,서귀포시,제주특별자치도 서귀포시 대정읍 상모리 산2,99,104,585982,복합형,126.2919219,33.1977951,https://place.map.kakao.com/7956367,,2.8,60분,,전용 주차장(무료),있음,있음,,"이중분화구, 99봉, 2027년 7월 31일까지 출입 제한, 정산 자연휴식년제",,,
244,쇠머리오름(우도봉),제주시,제주특별자치도 제주시 우도면 연평리 산19-1,128,132.5,457393,복합형,126.9635913,33.49209675,http://place.map.kakao.com/8389783,쉬움,,90분,,우도봉 입구,,,,"문의 및 안내 : 우도 등대 064-783-0180, 제주관광정보센터 064-740-6000~1",,,
245,수악,서귀포시,제주특별자치도 서귀포시 남원읍 하례리 산10,149,474.3,273067,원추형,126.6094502,33.32463031,http://place.map.kakao.com/8455452,보통,2.1,53분,,소규모 주차 가능,"평일 : 제주 국립산림생태 관리센터(업무시간 내)
주말, 공휴일 : 서성로 동쪽 (남원)방향 어승악 오름 주차장 화장실 (약 2KM)",있음,가을,,,,
246,수월봉,제주시,제주특별자치도 제주시 한경면 고산리 3763,73,78,249820,원추형,126.1631086,33.29476974,http://place.map.kakao.com/25294439,쉬움,0.69,5분,돌계단/ 아스팔트,주차가능,주차장 화장실,있음,"봄, 가을","바다뷰, 지질트레일, 유네스코 세계 지질공원",,,
249,식산봉,서귀포시,제주특별자치도 서귀포시 성산읍 오조리 313,55,60.2,53199,원추형,126.9199391,33.46568079,http://place.map.kakao.com/25297842,쉬움,0.35,24분,,오조포구 주차,포구 간이 화장실 이용,있음,"봄, 가을",,,,
250,식은이오름,제주시,제주특별자치도 제주시 구좌읍 덕천리 1450,45,286,139259,말굽형(남서향),126.7461107,33.47371167,http://place.map.kakao.com/7912287,,,,,없음,없음,없음,,탐방로 정비 잘 안되어있어 출입제한,,,
251,신산오름,서귀포시,제주특별자치도 서귀포시 안덕면 창천리 334,30,175,66974,말굽형(북향),126.3625421,33.2628698,http://place.map.kakao.com/8433711,,,10분,,없음,없음,없음,,출입 제한:개인사유지(감귤밭),,,
253,썩은다리,서귀포시,제주특별자치도 서귀포시 안덕면 화순리 1913,37,42,18910,원추형,126.3293242,33.24104096,http://place.map.kakao.com/11056392,쉬움, ,10분,야자매트/나무계단,"화순금모래해수욕장 주차장, 관공선부두 주차장",없음,,,,,,
254,아끈다랑쉬,제주시,제주특별자치도 제주시 구좌읍 세화리 2593-1,58,198,164072,원형,126.830647,33.4741391,http://place.map.kakao.com/25303334,쉬움,1.03,18분,토사,다랑쉬주차장,없음,있음,가을,,,,
255,아부오름,제주시,제주특별자치도 제주시 구좌읍 송당리 산164-1,51,301.4,314926,원형,126.777215,33.44858418,http://place.map.kakao.com/10599658,보통,1.67,30분,,전용 주차장 (무료),있음,있음,봄,,,,
256,아슴선이,서귀포시,제주특별자치도 서귀포시 표선면 하천리 2405,29,148.8,192921,원추형,126.8074152,33.36894996,http://place.map.kakao.com/17788462,,,,,없음,없음,없음,,등산로 찾기 어려움,,,
257,안돌오름,제주시,제주특별자치도 제주시 구좌읍 송당리 산 66-2,93,368.1,298148,말굽형(동향),126.7558689,33.45783055,http://place.map.kakao.com/8428406,보통,2.16,38분,,소규모 주차가능,없음,있음,"봄, 가을",등산로 정비 잘 되어있음,,,
258,안세미,제주시,제주특별자치도 제주시 봉개동 산2,91,396.4,174311,말굽형(북동향),126.6072609,33.46741697,http://place.map.kakao.com/27302956,쉬움,0.35,24분,,소구모 주차가능,없음,있음,"봄, 여름",,,,
259,안오름,제주시,제주특별자치도 제주시 애월읍 고성리 1146,21,186,114268,원형,126.4143813,33.45131436,http://place.map.kakao.com/25310024,쉬움,0.5,10분,,항몽유적지주차,항몽유적지 화장실이용,있음,,뚜렷한 정상없음,,,
260,안천이오름,제주시,제주특별자치도 제주시 애월읍 어음리 산124,77,742,156344,말굽형(북서향),126.4103561,33.37215569,http://place.map.kakao.com/8428549,쉬움,0.31,5분,토사,없음,없음,있음,"봄, 여름",,,,
261,안친오름,제주시,제주특별자치도 제주시 구좌읍 송당리 808,22,192,46443,말굽형(북향),126.7859587,33.47846622,http://place.map.kakao.com/8494697,쉬움,0.32,5분,,주차가능,없음,있음,사계절,"일반 1인 5,000원
드론, 셀프웨딩, 반려견 스냅 등 : 팀당 30,000원
웨딩촬영 : 팀당 50,000원",,,
262,알밤,제주시,제주특별자치도 제주시 조천읍 선흘리 산 59-1,154,393.6,505969,말굽형(북서향),126.7126172,33.49114406,http://place.map.kakao.com/8490981,,,,,없음,없음,없음,,,,,
264,알선족이오름,제주시,제주특별자치도 제주시 구좌읍 송당리 산14,21,291.2,45512,말굽형(동향),126.7490993,33.44312443,http://place.map.kakao.com/7997933,,,,,없음,없음,없음,,,,,
265,알오름,서귀포시,제주특별자치도 서귀포시 표선면 토산리 산 11,51,145.9,142515,원추형,126.7777084,33.32789448,http://place.map.kakao.com/11104042,,,,,,,,,,,,
266,알오름,제주시,제주특별자치도 제주시 건입동 387-1,21,96.2,35659,원추형,,,,,,,,,,,,,,,
267,알오름,제주시,제주특별자치도 제주시 애월읍 유수암리 산114,31,446.2,87253,원추형,126.4033749,33.41380603,http://place.map.kakao.com/7986111,쉬움,0.27,6분,토사,없음,없음,있음,,"사유지
입구쪽 집있음
양해 구하고 진입해야함",,,
268,어대오름,제주시,제주특별자치도 제주시 구좌읍 덕천리 509-1,55,210.5,117905,말굽형(북서향),126.7608302,33.49564991,http://place.map.kakao.com/8422867,,,,,없음,없음,있음,,,,,
269,어도오름,제주시,제주특별자치도 제주시 애월읍 봉성리 3920-24,73,143.2,376225,말굽형(북향),126.3084666,33.42055577,http://place.map.kakao.com/25316350,쉬움,0.53,10분,토사,없음,없음,있음,"봄, 가을",,,,
271,어승생,제주시,제주특별자치도 제주시 해안동 220-1,350,1169,2543257,원형(화구호),126.4892783,33.39652248,http://place.map.kakao.com/10574639,,1.3,30분,,어리목 주차장 (유료),있음,있음,,"꼬마한라산, 30분코스, 아이와 함께",,,
272,어오름,서귀포시,제주특별자치도 서귀포시 안덕면 상천리 산24,38,638,81238,원추형,126.4054468,33.32421365,http://place.map.kakao.com/11102796,,,,,없음,없음,있음,,,,,
273,어점이악,서귀포시,제주특별자치도 서귀포시 도순동 산1,45,820.1,41425,원추형,126.4990392,33.31080815,http://place.map.kakao.com/10578462,쉬움,0.3,10분,,소규모 주차 가능,없음,있음,여름,,,,
275,여문영아리,서귀포시,제주특별자치도 서귀포시 표선면 가시리 산145,134,514,600325,말굽형(북향),126.6942338,33.3826582,http://place.map.kakao.com/17788803,,,20분,,없음,없음,있음,,,,,
276,여절악,서귀포시,제주특별자치도 서귀포시 남원읍 신흥리 산18,50,209.8,110552,말굽형(남향),126.7364642,33.34893076,http://place.map.kakao.com/8004025,쉬움,0.79,20분,,갓길주차,없음,있음,"봄, 가을",사자상/ 용호상 조형물,,,
277,열안지,제주시,제주특별자치도 제주시 오라이동 산97,113,583.2,368262,말굽형(남동향),126.5212032,33.42587529,http://place.map.kakao.com/8499806,보통,1.84,30분,,없음,없음,있음,"봄, 여름",안쪽에 여러 연못.,,,
278,열안지오름,제주시,제주특별자치도 제주시 봉개동 산78-1,54,328.7,55701,말굽형(북향),126.6053526,33.47307477,http://place.map.kakao.com/25319845,쉬움,0.31,10분,토사,없음,없음,있음,"봄,여름",연못이 여러 개. 습지 생태관찰,,,
279,영아리(서영아리),서귀포시,제주특별자치도 서귀포시 안덕면 상천리 산24,93,693,477656,말굽형(서향),126.3999639,33.33005226,http://place.map.kakao.com/8021042,,,,,없음,없음,있음,,"대한민국 100대 명품 숲
안덕면 위생매립장 앞에 주차 하고 20분정도 들어가야함.
차로 이동가능하나 좁고, 공사중인곳이 있을 수 있어 도보 추천",,,
280,영주산,서귀포시,제주특별자치도 서귀포시 표선면 성읍리 산18-1,176,326.4,1338920,말굽형(동남향),126.7962385,33.4045668,http://place.map.kakao.com/8018193,보통,2.35,30분,,전용주차장(무료),없음,있음,"겨울, 봄","성읍1리 민속촌에서 수산리 방향으로 700m 지점에 위치한 승마장에서 북쪽으로 600m를 더 올라가면 오름 입구에 도착한다. 정상까지는 30분 정도 소요된다. 영주산 오름 동쪽 부분은 경사가 완만해 등산로로 이용된다.[1]?정상에서는?목장과 성읍민속촌,?일출봉을 조망할 수 있다. 가을철 오름 전사면에는 억새가 풍부하기 때문에 오름을 찾는 탐방객들이 많다.",,,
281,영천악,서귀포시,제주특별자치도 서귀포시 상효동 2364,97,277,256127,원형,126.6008224,33.29526677,http://place.map.kakao.com/11189551,쉬움,3.65,20분,,입구앞 공터 주차가능,환승주차장 화장실 이용,있음,"봄, 여름","캠파제주 옆으로 주차가능함
(캠파제주는 사유지로 주차불가)",,,
285,오백나한,서귀포시,제주특별자치도 서귀포시 하원동 산1-1,389,1639.3,599856,복합형,126.5020585,33.35653848,http://place.map.kakao.com/11274593,,,,,,,,,,,,
287,왕오름,서귀포시,제주특별자치도 서귀포시 중문동 산1-1,38,1223,92387,원추형,,,,,,,,,,,,,,,
288,왕이메,서귀포시,제주특별자치도 서귀포시 안덕면 광평리 산79,92,612.4,709179,복합형,126.3765749,33.34354683,http://place.map.kakao.com/17788831,쉬움,0.83,14분,,소규모 주차 가능,없음,있음,맑은날,웨딩촬영 명소,,,
289,용눈이오름,제주시,제주특별자치도 제주시 구좌읍 종달리 산28,88,247.8,404264,복합형,126.832683,33.45988024,http://place.map.kakao.com/10626439,쉬움,1.34,24분,,전용주차장(무료),간이화장실,있음,"가을, 여름","사진 명소, 웨딩스냅",,,
291,우보악,서귀포시,제주특별자치도 서귀포시 색달동 912-1,96,301.4,399924,말굽형(동향),126.4018024,33.27536205,http://place.map.kakao.com/11187864,쉬움,,20분,,없음,없음,,,"관리되어있지 않은 길
우보악 주변은 대유사격장(대유랜드) 및 개인 목장 사유지와 맞닿아 있습니다. 서쪽 '중문 오프로드 체험장'이나 사격장 방면의 길로 잘못 진입하면 ""사유지 무단출입 시 고발 조치한다""는 강력한 경고판과 마주치게 되므로, 사유지를 침범하지 않는 동쪽 상예로 쪽이나 연못(색달동 952) 방면 진입로를 정확히 확인하고 가야 합니다",,,
292,우진제비,제주시,제주특별자치도 제주시 조천읍 선흘리 산111,126,410.6,406250,말굽형(북동향),126.6994496,33.46778927,http://place.map.kakao.com/8460981,쉬움,1,20분,,없음,없음,있음,,등산로 가파름,,,
293,운지악,서귀포시,제주특별자치도 서귀포시 남원읍 남원리 760-2,24,113.5,37596,말굽형,126.7046943,33.29948358,http://place.map.kakao.com/10698145,,,18분,,작은공터,없음,있음,,,,,
294,웃밤,제주시,제주특별자치도 제주시 조천읍 선흘리 산 84,137,416.8,376587,말굽형(북향),126.7154171,33.47734699,http://place.map.kakao.com/8035989,보통,1.3,40분,,주차가능 (공터),없음,있음,,"정상 진입 찾기 어려움
리본따라 정상진입",,,
296,웃선족이오름,제주시,제주특별자치도 제주시 구좌읍 송당리 산140-2,32,307.3,64789,말굽형(남향),126.7477687,33.44208307,http://place.map.kakao.com/8026958,보통,,,,없음,없음,없음,,등산로 찾기 어려움,,,
298,원당봉,제주시,제주특별자치도 제주시 삼양일동 산1-1,120,170.7,663286,말굽형(북향),126.5988027,33.5251229,https://place.map.kakao.com/8033485,쉬움,1.32,24분,토사 /고무,있음 (문강사 화장실 개방되어있음(변동가능)),있음(문강사 연못옆 주차가능),있음,아침 일출,불탑사 오층석탑,,,
299,원물오름,서귀포시,제주특별자치도 서귀포시 안덕면 동광리 산41,98,458.5,584056,말굽형(서향),126.3448811,33.32320577,http://place.map.kakao.com/25334276,쉬움,1.14,20분,충혼묘지 주차장 이용,없음,있음,,"봄, 여름",,,,
300,월라봉,서귀포시,제주특별자치도 서귀포시 안덕면 감산리 1148,101,200.7,818809,복합형,126.3495003,33.24390526,http://place.map.kakao.com/25335651,쉬움,0.36,20분,,감귤박물관 식물원 주차가능,없음,,,,,,
301,월라산,서귀포시,제주특별자치도 서귀포시 신효동 산1,63,117.8,498972,복합형,126.6056732,33.27136839,http://place.map.kakao.com/8471394,쉬움,2.54,20분,,감귤박물관 아열대 주차가능,없음,있음,,탐방로 정비 잘 되어있음.,,,
302,월랑지,서귀포시,제주특별자치도 서귀포시 표선면 성읍리 산5,35,260.2,83957,말굽형(북향),126.8096412,33.43914964,http://place.map.kakao.com/8042882,,,,,,,,,,,,
304,유건에오름,서귀포시,제주특별자치도 서귀포시 성산읍 난산리 2302,75,190.2,204487,원형,126.8458058,33.41322258,http://place.map.kakao.com/8477757,쉬움,0.61,15분,,소규모 주차가능,간이화장실,있음,,"물의 도시 베니스랜드 옆골목으로 진입.
등산로 정비 잘 되어있음",,,
305,은월봉,제주시,제주특별자치도 제주시 구좌읍 종달리 산21,75,179.6,209307,말굽형(북동향),126.8557334,33.46901905,http://place.map.kakao.com/8037603,쉬움,0.99,18분,,소규모 주차가능,없음,없음,"봄, 가을",,,,
306,응악,서귀포시,제주특별자치도 서귀포시 남원읍 수망리 127,33,178,23052,원추형,126.7243152,33.3308097,http://place.map.kakao.com/8027471,,,18분,,없음,없음,있음,,,,,
307,이계오름,제주시,제주특별자치도 제주시 한경면 청수리 1854,38,167.7,48811,말굽형(동향),126.2451085,33.33093875,http://place.map.kakao.com/25342606,쉬움,0.24,4분,,없음,없음,있음,여름 (계곡),,,,
308,이달봉,제주시,제주특별자치도 제주시 애월읍 봉성리 산71-1,119,488.7,250204,원추형,126.3470044,33.3663686,http://place.map.kakao.com/8490593,쉬움,1.49,28분,토사,없음,없음,있음,"봄, 가을",,,,
309,이달이촛대봉,제주시,제주특별자치도 제주시 애월읍 봉성리 산71-1,86,456,104258,원추형,126.3470044,33.3663686,http://place.map.kakao.com/8490593,쉬움,1.44,25분,토사,없음,없음,있음,"봄, 가을",,,,
310,이돈이오름,서귀포시,제주특별자치도 서귀포시 안덕면 광평리 산3,68,663.2,287784,말굽형(서향),126.4028588,33.3397504,http://place.map.kakao.com/8041649,,,,,없음,없음,있음,,등산로 찾기 어려움,,,
312,이승악,서귀포시,제주특별자치도 서귀포시 남원읍 신례리 산2-1,114,539,332070,말굽형(동향),126.622239,33.34014979,http://place.map.kakao.com/25342411,보통,2.47,30분,,신례천 생태 탐방로 종합안내소 주차,없음,있음,"봄, 가을",,,,
314,입산봉,제주시,제주특별자치도 제주시 구좌읍 김녕리 1037-2,65,84.5,229521,원형,126.7582032,33.54756695,http://place.map.kakao.com/25343635,,,,,없음,없음,없음,,"무덤 천국의 오름: 오름 사면 전체에 약 3,000기에 달하는 묘지가 빼곡하게 들어서 있어, 제주의 독특한 장례 문화와 돌담(산담)을 한눈에 볼 수 있는 '망자의 고향' 같은 곳입니다.",,,
316,자배봉,서귀포시,제주특별자치도 서귀포시 남원읍 위미리 산143,111,211.3,440293,원형,126.6769392,33.30100229,http://place.map.kakao.com/11158780,쉬움,1.5,28분,,자배봉유아숲 주차장,없음,있음,"봄, 가을",정비 잘 되어있음. 고인돌 있음,,,
319,장자오름,서귀포시,제주특별자치도 서귀포시 표선면 성읍리 2768,31,215.9,71285,원추형,126.7756111,33.38892783,http://place.map.kakao.com/8055384,,,13분,,없음,없음,있음,,등산로 찾기 어려움 : 출입제한,,,
320,저지오름,제주시,제주특별자치도 제주시 한경면 저지리 산51,104,239.3,379316,원형,126.2509837,33.3340641,http://place.map.kakao.com/85419607,,1.5,27분,,있음,주차장 화장실,있음,,"저지오름은 닥몰오름 또는 새오름이라고도 부릅니다. 비고 100미터, 둘레 1540미터로 약 40분 정도면 정상에 오릅니다. 저지오름(楮旨岳)이란 호칭은 마을이름이 ‘저지’로 되면서부터 생긴 한자명이라 합니다. 그전까지는 ‘닥몰오름’이라 불렀으며, 저지의 옛 이름은 '닥모루'(닥몰)였습니다. 이는 닥나무(楮)가 많았다는데서 연유한 것이고, 한자이름은 한자의 뜻을 빌어서 표기한 것이라고 전해집니다. 2007년 제 8회 아름다운 숲 전국대회에서 생명상(대상)을 수상한 오름으로 오르는 숲길이 아주 인상적입니다. 또한 돌계단이 아주 정겹게 놓여 있어 오름 오르는 맛이 남다릅니다. 정상에 올랐을 때 한라산은 남북으로 뻗은 가장 아름답고 웅장한 모습으로 다가옵니다.",,,
321,절물오름(족은대나),제주시,제주특별자치도 제주시 봉개동 산78-1,120,656.7,305719,말굽형(북동향),126.6330819,33.43120831,http://place.map.kakao.com/25361139,,,,,,,,,,,,
322,절물오름(큰대나),제주시,제주특별자치도 제주시 봉개동 산78-1,147,696.9,397123,원형,126.6267079,33.43388059,http://place.map.kakao.com/241119078,쉬움,1.18,25분,,절물자연휴양림 주차장 (유료),있음,있음,"여름, 가을",,"입장료
일반 1,000원 청소년 600원 어린이 300원
주차비용
경차 1,500원 중소형 3,000원",,
323,정물알오름,제주시,제주특별자치도 제주시 한림읍 금악리 105-1,41,355.5,52854,원추형,126.3244205,33.34054131,http://place.map.kakao.com/8062305,쉬움,6.65,24분,,길가,없음,없음,,,,,
324,정물오름,제주시,제주특별자치도 제주시 한림읍 금악리 산52-1,151,466.1,494293,말굽형(북서향),126.3296255,33.33835789,http://place.map.kakao.com/25359013,쉬움,1.45,26분,토사,소규모 주차 가능,없음,있음,"봄, 여름",,,,
325,정월오름,제주시,제주특별자치도 제주시 한림읍 금능리 565-61,56,106.2,192446,말굽형(북서향),126.2415609,33.36365587,http://place.map.kakao.com/25359280,,,,,없음,없음,없음,,,,,
326,제석오름,서귀포시,제주특별자치도 서귀포시 표선면 하천리 429-1,48,87.5,58164,원추형,126.8358697,33.34751958,http://place.map.kakao.com/8076561,,,,,없음,없음,없음,,,,,
328,족은개오리,제주시,제주특별자치도 제주시 봉개동 산78-1,79,664,175778,말굽형(서향),126.6168022,33.43306688,http://place.map.kakao.com/10789590,쉬움,7.07,30분,토사,없음,없음,있음,,,,,
329,족은노로오름,제주시,제주특별자치도 제주시 애월읍 고성리 산145,34,1019.2,95867,복합형,126.4450277,33.36917524,http://place.map.kakao.com/8065787,,,25분,,없음,없음,있음,,,,,
330,족은노리손이,제주시,제주특별자치도 제주시 봉개동 234-231,28,413.8,14756,원추형,126.6181279,33.4588803,http://place.map.kakao.com/10801926,쉬움,0.78,15분,,한라경찰수련원 주차,없음,있음,,우천시 주의 (흙길),,,
331,족은대비악,서귀포시,제주특별자치도 서귀포시 안덕면 광평리 산59,71,541.2,188947,복합형,126.3690499,33.33045267,http://place.map.kakao.com/11153555,쉬움,0.92,16분,,소규모 주차 가능,없음,있음,"봄, 가을","갈대 자라면 길 찾기 어려움
입구 어디든 등산 가능하지만 뒤쪽 입구 추천
긴팔, 긴바지 필수
정비되어있지 않은 오름
뷰 좋음",,,
332,족은돌이미,제주시,제주특별자치도 제주시 구좌읍 송당리 2451,24,274,66814,말굽형(동남향),126.7732103,33.44011982,http://place.map.kakao.com/8060120,,,,,없음,없음,있음,,,,,
334,족은바리메,제주시,제주특별자치도 제주시 애월읍 상가리 산124,126,725.8,688020,말굽형(북서향),126.4002608,33.37572816,http://place.map.kakao.com/10798266,보통,4.6,30분,토사,있음,주차장 화장실 이용,있음,"봄, 가을","원시림, 울창한 숲, 화산탄, 웨딩촬영명소, 아스달연대기 촬영지",,,
337,족은지그리,제주시,제주특별자치도 제주시 조천읍 교래리 산119,69,504,120674,말굽형(남동향),126.645992,33.45027513,http://place.map.kakao.com/8060802,보통,1.88,33분,토사,소규모 주차 가능,없음,있음,"봄, 가을",탐방로 찾기 어려움,,,
338,종재기악,제주시,제주특별자치도 제주시 구좌읍 덕천리 1307,45,254.9,22813,원추형,126.7558357,33.479286,http://place.map.kakao.com/8520293,쉬움,0.13,10분,,없음,없음,있음,"봄, 가을",종지처럼 움푹파인 분화구,,,
339,좌보미,서귀포시,제주특별자치도 서귀포시 표선면 성읍리 산6,112,342,631356,말굽형(남향),126.806767,33.43609685,http://place.map.kakao.com/26974939,어려움,2.69,60분,흙길,소규모 주차 가능(공터),없음,있음,,길 험함 등산스틱 추천. 45도 각도로 올라갔다 내려갔다 4번 반복,,,
340,좌보미알오름,서귀포시,제주특별자치도 서귀포시 표선면 성읍리 93,23,227.5,18946,원형,126.8073793,33.4310082,http://place.map.kakao.com/17788991,어려움,2.69,60분,흙길,소규모 주차 가능(공터),없음,있음,,길 험함 등산스틱 추천 45도 각도로 올라갔다 내려갔다 4번 반복,,,
341,주체오름,제주시,제주특별자치도 제주시 구좌읍 덕천리 864,35,220.6,61751,말굽형(남서향),126.7481281,33.49221128,http://place.map.kakao.com/11153172,쉬움,0.29,18분,토사,없음,없음,없음,"봄, 가을",,,,
342,지미봉,제주시,제주특별자치도 제주시 구좌읍 종달리 산3-1,160,165.8,423814,말굽형(북향),,,,쉬움,0.49,24분,,전용 주차장 (무료),주차장 화장실,있음,일출,"성산일출봉, 우도 뷰, 가파른 계단",,,
343,진물굼부리,제주시,제주특별자치도 제주시 봉개동 산78-1,25,573,50595,말굽형(남서향),126.6203087,33.44074673,http://place.map.kakao.com/8078733,,,,,,,,,등산로 찾기 어려움,,,
344,천아오름,제주시,제주특별자치도 제주시 애월읍 광령리 산182-1,87,797,157348,말굽형(북서향),126.4499279,33.39625511,http://place.map.kakao.com/10769042,보통,2.53,20분,콘크리트/토사,소규모 주차 가능,없음,있음,맑은날,,,,
345,천아오름,제주시,제주특별자치도 제주시 한림읍 상대리 1689,49,133.6,127387,말굽형(서남향),126.2988885,33.40457812,http://place.map.kakao.com/8099434,쉬움,0.7,15분,,없음,없음,있음,맑은날,,,,
347,쳇망오름,서귀포시,제주특별자치도 서귀포시 표선면 가시리 산158-2,55,444.6,140916,원형,126.6919455,33.39553842,http://place.map.kakao.com/11234528,,,,,없음,없음,있음,,,,,
350,칡오름(봉개),제주시,제주특별자치도 제주시 봉개동 466-2,47,336.6,50953,원추형,126.6127,33.47536637,http://place.map.kakao.com/8111773,쉬움,0.49,9분,토사,소규모 주차 가능(공터),없음,있음,"봄, 가을",,,,
351,칡오름(상효),서귀포시,제주특별자치도 서귀포시 상효동 2308-1,96,271,337365,원형,126.6028943,33.28393095,http://place.map.kakao.com/8547569,보통,2.01,20분,,입구앞 1대 주차가능,없음,있음,"봄, 가을",등산로 비교적 잘 되어있음,,,
353,큰노리손이,제주시,제주특별자치도 제주시 봉개동 234-231,52,426.6,69773,원추형,126.6217641,33.4587553,http://place.map.kakao.com/25379468,쉬움,0.5,10분,,한라경찰수련원 주차,없음,있음,,넓은 등산로,,,
354,큰돌이미,제주시,제주특별자치도 제주시 구좌읍 송당리 산255-1,82,311.9,273308,말굽형(동북향),126.7727027,33.4318412,http://place.map.kakao.com/25213746,,,,,없음,없음,있음,,,,,
356,큰지그리,제주시,제주특별자치도 제주시 조천읍 교래리 산119,118,598,344976,말굽형(남서향),,,,보통,3.7,60분,,교래자연휴양림 주차,휴양림화장실 이용,있음,,,,,
358,토산봉,서귀포시,제주특별자치도 서귀포시 표선면 토산리 산13,75,175.4,398823,복합형,126.7742727,33.32200787,http://place.map.kakao.com/8108616,,,16분,,없음,없음,있음,,,,,
359,통오름,서귀포시,제주특별자치도 서귀포시 성산읍 난산리 1976-1,43,143.1,258114,말굽형(서향),126.8560385,33.39305307,http://place.map.kakao.com/8128672,쉬움,0.77,14분,,독자봉 주차장 이용추천,없음,있음,"봄, 가을","물통/밥통 모양, 성읍민속마을 인근, 가을 야생화",,,
360,파군봉,제주시,제주특별자치도 제주시 애월읍 하귀1리 688-1,50,84.5,59269,원추형,126.4126908,33.47870571,http://place.map.kakao.com/10889367,쉬움,1.4,25분,,월영사 주차장 이용,없음,있음,"봄, 가을",,,,
362,폭낭오름,제주시,제주특별자치도 제주시 애월읍 봉성리 산43,76,645.5,583171,복합형,126.3819477,33.35212181,http://place.map.kakao.com/8576933,쉬움,0.53,9분,토사,없음,없음,없음,여름(그늘),,,,
364,하늬보기,서귀포시,제주특별자치도 서귀포시 안덕면 상천리 산89-1,42,592.3,17795,원추형,126.3915393,33.32692778,http://place.map.kakao.com/8144640,,,32분,,없음,없음,있음,,,,,
365,한대오름,제주시,제주특별자치도 제주시 애월읍 봉성리 산1,36,921.4,132263,원추형,126.4244501,33.35633012,http://place.map.kakao.com/25392324,보통,3.64,78분,토사,소규모 주차 가능,없음,있음,"봄, 가을",등산로 찾기 어려움,,,
366,후곡악,서귀포시,제주특별자치도 서귀포시 성산읍 수산리 4504,36,206.2,54168,말굽형(서남향),126.8267607,33.42942741,http://place.map.kakao.com/25221315,쉬움,0.5,15분,,소규모주차(공터),없음,있음,,오름이정표 바닥에 떨어져 있음. 길 정비는 안되어있지만 걷기 좋음,,,
